# name	cuisine_slug	confidence
# REVIEW THIS before --emit-sql. Delete or correct any line.
1 Mico 12 Llp	null	high
1 Stop Dhido Nepali Restaurant Arlington	indian	low
1021 Canyon Oaks Apartment, Llc	null	high
123 Street Food	food-truck	low
129 Medi Inc	null	high
1420 Plaza Place Partners, L.l.c	null	high
161 Bistro & Bakery	bakery	medium
1846 Restaurant	null	high
190 Restaurant Group Llc	null	high
1902 Restaurant	null	high
1933 Bar And Grill	bar	medium
2 And 1 Restaurant	null	high
2 Compas Kitchen	mexican	low
20 Feet Llc	null	high
20 to 1 Asian Social Bistro	pan-asian	high
2002 Pho Corporation	vietnamese	high
214 Taqueria	tacos	high
2153698 Alberta Ltd - Canadian Company Using Borrower Addres	null	high
2323 Henderson 101 102 Llc	null	high
238 Davis Project Inc	null	high
24 Hour Staffing Ll Co	null	high
24 Medical Llc	null	high
2927 Hattenluke Hospitality Group	null	high
2dd - Two Doors Down	null	high
2msolutions Inc	null	high
2perform	null	high
3 Mien Quan Bbq	vietnamese	medium
3 Parrots, Inc. Dba 3 Parrots Taco Shop	tacos	high
303 Liquor Depot Llp	null	medium
316 W Seventh Lp	null	high
33 X The Yard Llc	null	high
350 North St. Paul Llc	null	high
360 BAR & Lounge	bar	medium
360 Brunch House	brunch	high
360 Tacos LLC	tacos	high
3605 Bar & Restaurant Llc	bar	medium
369 Bbq	barbecue-classic	high
3916 McDermott Rd, Plano, TX	null	high
3rd Street Market	null	medium
3v Movie &amp Eatery Llc	null	medium
408 N. Bishop Gamechanger, Llc	null	high
40TWO	null	high
443 Furniture One, Inc	null	high
4511 Restaurant Group	null	high
4511 Restaurant Group, Ltd	null	high
48 Nights	null	high
4S Barbque	barbecue-classic	high
4th Quarter Boyz Inc	null	high
5 Fox Investment Corp	null	high
504 Bar And Grill, Llc	bar	medium
50Th St Caboose	null	medium
54th Street Restaurant & Drafthouse	new-american	low
54th Street Restaurant and Drafthouse	new-american	low
54ល្ងាចស្រស់ Restaurant	null	medium
5712 Palios Of Colleyville, Lp	pizza-classic	low
59 Shawarma & Juice	middle-eastern	high
5th Bayou Boudin And More	cajun-creole	high
650 North	null	high
741 Food Truck Park	food-truck	high
76 Of Red Oak Inc	null	high
7713 Real Estate Ltd	null	high
8659 Frisco, Llc	null	high
88 Bites Gourmet	null	low
9 Eighteen Food Inc	null	medium
983taqueria	tacos	high
A Bite Of Lao And Thai - Allen, Tx	thai	high
A Taste of Philly	deli-sandwiches	medium
A&a Italian Kitchen Inc	italian-classic	high
A&amp E Insurance Service, Inc. Dba Arrow In	null	high
A&d Repairs, Inc	null	high
A&u Foods Llc Dba Chicken N Rice	chicken	medium
A.m.deli Llc Dba Murphy's Deli	deli-sandwiches	high
ACG Texas Restaurants	null	high
AMZ CORP	null	high
AREEDO	null	high
AZUL Modern Latin Cuisine	latin-american	high
Aaby All About You Community Care, Llc Dba Starbright Heal	null	high
Aarna Business Inc	null	high
Aave Cause Restaurants Llc	null	high
Abacus Jasper's Managment L.l.c	null	low
Abbott's Frozen Custard Texas	ice-cream	high
Abe Food Inc	null	high
Abf Services, Llc	null	high
Abftx Properties, Llc	null	high
Absinthe Lounge	bar	medium
Acg Texas	null	high
Acme Widget Works	null	high
Addison Hookah Lounge Inc	middle-eastern	low
Addison Union Park Llc	null	high
Adeela’s1	null	medium
Adelphi Petroleum Inc	null	high
Adem, Inc	null	high
Adil's Restaurant Management Company Llc	null	medium
Admirals Club	null	medium
Admirals Club (Terminal D)	null	medium
Adobe Oil & Gas, Inc	null	high
Adriano's Italian Restaurant Llc	italian-classic	high
Advanced Test Solutions, Llc Dba Test Technology Associates	null	high
Advantage Sales and Marketing	null	high
Adyar Ananda Bhavan	indian	high
Afallon Presents The Post Llc	null	high
African Village Chez Ma Vero	west-african	medium
Afrika Fusion	west-african	low
Ag Bros Construction Llc	null	high
Ag Partners Unlimited Llc	null	high
Aggies Restaurant	null	medium
Ahnick Service Group Llc	null	high
Aib Food Inc	null	high
Aids For Recovery Inc	null	high
Air & Ice	null	low
Air Clinic	null	high
Airman Services Inc.	null	high
Aj Castillo Enterprises Llc	null	high
Aj Restaurant Services Llc	null	high
Aj Restaurant St Paul Llc	null	high
Ak Real Estate Holding, Llc	null	high
Al Consulting Llc	null	high
Al Dente Enterprise Llc	italian-classic	medium
Al Madina Shaer Llc	middle-eastern	low
Ala Carte Cakes	bakery	high
Alabanzas de Sociedad de Guatemala el renuevo	null	medium
Aladinns Spot	middle-eastern	low
Alaiyna Wireless Inc	null	high
Alan Concepts Llc	null	high
Alanis &amp Dunnam, Llc Dba Advance Install	null	high
Alba's Casita	mexican	low
Albert Restaurant Group Llc.	null	high
Alejandro's	null	medium
Alejandro's Grill & Cantina	mexican	medium
Alena's Tex-Mex Café	tex-mex	high
Alfed Pizza Inc Dba Pizza Patron	pizza-classic	high
Alfred William Harris Faculty Alumni Center, Inc.	null	high
Alfredo's Italian Restaurant	italian-classic	high
Alice Edwin Enterprise Inc	null	high
Alice's Tea Shoppe	tea-house	high
Alisein Investments Inc	null	high
Alishan Enterprises Inc Dba Z &amp M Food Mart &amp Deli	deli-sandwiches	medium
Aljic Restaurant Group Llc Dba	null	high
All About Cha	tea-house	medium
All Day	null	medium
All Day Kitchens	null	medium
All Discount General Merchandise	null	high
All Tex Permits Llc	null	high
All Things Corned Beef	deli-sandwiches	medium
All-ages Home Health Care, Llc Dba Mission Care Home Health	null	high
All-summ Value, Inc.	null	high
Allen Restaurant Corporation	null	high
Allhad Abc Ent., Inc	null	high
Alliance Counseling And Psychological Se Rvices, Professiona	null	high
Alligator Cafe Llc	cajun-creole	low
Allure Restaurant	null	high
Allway Auto	null	high
Almanza's taqueria	tacos	high
Almas Mexican Restaraunt	mexican	high
Alondra's Cuisine	null	medium
Alonti Catering & Cafe	cafe	medium
Alora Hospitality Group	null	high
Als Quick Stop Inc	null	high
Alta G. Williams	null	high
Altamesa Inc	null	high
Alternative Distributors	null	high
Al’s Ranch House Burgers	burgers	high
Amaren Surgical Pllc	null	high
Amaya’s Bar And Grill	null	low
Amb Investments Inc	null	high
Ame	null	high
America's Best Wings	wings	high
America's Latin Cuisine and Tapas	latin-american	high
American Airlines Admirals Club	null	high
American Airlines Flagship Lounge	null	high
American Airlines Premium Lounge	null	high
American Pacific Group Network Llc	null	high
American Worldwide Ventures Llc	null	high
American Yeung Inc	null	high
Americas Best Coffee	coffee	high
Ameritech 360 Advantage	null	high
Amico's Exotic Pizza Llc	pizza-classic	high
Amie's African Kitchen and Grill	west-african	low
Amigo Entertainment Management Llc	null	high
Amigos Restaurant	mexican	low
Amma's Indian Cuisine	indian	high
Amores New York Italian	italian-classic	high
Amore’s Italian Restaurant	italian-classic	high
Ampex Brands	null	high
An Donuts	donuts	high
Anar Cafe And Bakery Llc	bakery	medium
Anc International Llc	null	high
Anderson Distillery & Grill	distillery	high
Anderson Express Lane Inc	null	high
Andhra 2 Chennai Indian Cuisine	indian	high
Andrea's Restaurant	null	medium
Ands Silver Inc	null	high
Angel special chicken shack	chicken	high
Angel's Fire Barbecue	barbecue-classic	high
Angela's At The Crosswalk	null	medium
Angels NY Pizza	pizza-classic	high
Angmar Entertainment Inc	null	high
Anita's Mo:Mo	indian	low
Ankapur Chicken	chicken	medium
Anne Evans Pmi Llc	null	high
Another Broken Egg Of America, Inc.	breakfast	high
Antojitos Azteca	mexican	high
Antojitos El Zorrito	mexican	high
Antojitos La Guerita	mexican	high
Antojitos de Tierra Caliente	mexican	high
Antojitos to go	mexican	medium
Apeizza E Vino	pizza-classic	medium
Apex Restaurant Group Lp	null	high
Apex Restaurant Group, Lp	null	high
Apheleia Restaurant Group	null	high
Apple Texas Restaurants, Inc.	null	medium
Apw Wyott Inc	null	high
Aquatic Reflections	null	high
Aqui Me Quedo Restaurant	latin-american	medium
Ar Food Business Inc	null	high
Aramark	null	high
Arapaho Deli	deli-sandwiches	high
Arcade 92 Flower Mound	null	medium
Arcadia Coffee	coffee	high
Archez De Oro Inc	null	medium
Arepisimas	latin-american	medium
Arirang Chinese Kitchen Llc	chinese	high
Arirang Korean Kitchen Llc	korean	high
Arkhop Llc	null	high
Arlington Green Oaks Sdi Ltd	null	high
Arlington Lakeside Grocery & Grill, Inc	null	medium
Arlington Preventive Care Medical Clinic, P.a	null	high
Arlington Ramen Llc	ramen	high
Aroma kitchen	null	medium
Around The Corner	null	high
Arova ModernFlatbread	pizza-classic	low
Arrose Investments Llc	null	high
Ars Engineers, Inc.	null	high
Artis Lp	null	high
Artis, Inc.	null	high
Artisan Market	null	medium
Arts For People	null	high
Arvizu’s Taqueria	tacos	high
Arôme Caribbean Fusion	caribbean	high
Ashley's Kitchen	null	medium
Ashley's Restaurant Company Llc	null	high
Asian 1 Restaurant Corp	pan-asian	medium
Asian Express	pan-asian	medium
Asian Wok	chinese	medium
Aslxx Inc Dba Aw Shucks	seafood-classic	medium
Asma Kitchen	null	low
Associated Restaurant Solutions Llc	null	high
Astra Kitchen + Lounge	null	medium
Ata Plaza Inc	null	high
Atascocita The Catch Llc	seafood-classic	medium
Ateliê by The EXPERIENCE	null	low
Athina Inc Dba Mama Bears Daycare	null	medium
Athr Management Company Llc	null	high
Atithi Hospitality Llc	null	low
Attalie feat. Step Child	null	low
Atx Hospitality, Llc	null	high
Atípico.Dallas	null	low
Auntii’s Kitchen	null	low
Austin F. Hartley, Pllc	null	high
Austinbailey Incorporated	null	high
Auto Gold Inc	null	high
Auto World Company	null	high
Autosa Corp. Dba Volcanos Sports Bar & Grill	sports-bar	high
Avanti Euro Bistro	italian-classic	low
Ave Mediterranean	mediterranean	high
Avenue Drive In	null	low
Avesta	null	low
AvoEatery at Trinity Groves featuring Avocados From Mexico	mexican	medium
Avocados Food	null	low
Aw Shucks and Blue Goose	seafood-classic	medium
Awesome Times	null	high
Axiom Restaurant Fw Llc	null	high
Ayad Inc	null	high
Ayam Zaman Cafe/ مطعم أيام زمان	middle-eastern	high
Aza Lovefield, Llc	null	high
Aza Royal Ln, Llc	null	high
Azteca	mexican	high
Azz Incorporated	null	high
B & N Dollar Store	null	high
B B Bop Seoul Kitchen	korean	high
B K &amp R Food Co Ltd	null	high
B K Of The Metroplex Inc	null	medium
B&amp C Staffing Services Llc	null	high
B&amp M Apex, Llc	null	high
B's Service Llc.	null	high
B. Frank & Relish	null	low
B. Phred's Inc	null	high
B.h.g. Sources Llc	null	high
B2s Food Inc	null	high
B4 Pizza Llc	pizza-classic	high
BB's Deli & Juice	deli-sandwiches	high
BBQ Cannon	barbecue-classic	high
BBQ Grill Sergeant	barbecue-classic	high
BEP & PHIN	vietnamese	low
BOXOCHOPS Modern African Kitchen - Plano	west-african	medium
Baba International	null	low
Babe's Chicken Dinner House	chicken	high
Backwoods BBQ	barbecue-classic	high
Backyard Bbq Catering	barbecue-classic	high
Bacon's Bistro and Cafe	cafe	medium
Baf Investments Llc	null	high
Bafang Dumpling	chinese	high
Bag O’ crab	crab-house	high
Bagaicha	null	low
Baig &amp Ramzan Lv Llc	null	high
Baja Shrimp Properties Llc	seafood-classic	low
Bajeko Sekuwa	null	low
Baker's Drive-In	fast-food	low
Baker's Ribs	barbecue-classic	high
Bakers Ribs Inc	barbecue-classic	high
Baldo's Ice Cream	ice-cream	high
Balicia's Taqueria, Llc	tacos	high
Bamboo Bamboo	pan-asian	low
Bambus Asian Cafe	pan-asian	high
Bana Pasta Pizza Llc	pizza-classic	medium
Banana Reef	null	low
Banh Mi Viet	vietnamese	high
Banh Shop Fort Worth	vietnamese	high
Banquetes Texopilli	mexican	medium
Bantu Kitchens	west-african	low
Banya Tree Corporate Llc	null	low
Bar Louie Franchise	bar	medium
Bar Manzanilla at The Toyota Music Factory	bar	low
Bar Nada, Inc	bar	low
Bar-b-que Outlaws Inc	barbecue-classic	high
Bara Nepalese Restaurant and Bar	indian	low
Barbara Eden Management Company Llc	null	high
Barnhaus Vineyards And Winery, Llc	wine-bar	medium
Barnone	bar	low
Barraco's Food Store Inc	null	low
Barrett Hospitality Llc	null	high
Barrios Taqueria	tacos	high
Barteca Restaurant Group	null	low
Barteca Restaurants, Llc.	null	low
Basilico Inc	italian-classic	medium
Basin Creek Corporation	null	high
Bassam Al-nimiri Associates Inc	null	medium
Bastion Restaurant	null	low
Battutō Italian Kitchen	italian-classic	high
Bay Leaf Restaurant	null	low
Bay Street Restaurant	null	low
Bayindir Llc	null	low
Bb.q Chicken Carrollton	korean	medium
Bb.q Chicken Plano Preston	korean	medium
Bb.q Chicken Plano Spring Creek	korean	medium
Bb.q Chicken Richardson	korean	medium
Bbq & Burger Co. Inc	barbecue-classic	medium
Bcbl Ventures, Llc Dba Advance Wireless	null	high
Bcd Food Services, Llc	null	high
Bdaa Holdings 1 Ltd	null	high
Bea's Catering	null	medium
Bear Creek Bistro	null	low
Bearwallow Mountain Land Llc	null	high
Bearylicious Frozen Yogurt	dessert	medium
Beautiful Paradise Treats	dessert	medium
Beauty Lover Llc	null	high
Bebo's and Kathy's Cafe	cafe	medium
Becerra's Tamales	mexican	high
Bedford Bakery	bakery	high
Bedford Ice House Llc	bar	low
Beef-a-Roo	burgers	medium
Bella Bar & Restaurant	bar	low
Bella Bella	italian-classic	low
Bella Maca	null	low
Bellagreen	new-american	low
Bellas Nutrition	juice-smoothie	low
Belle's Popcorn	dessert	low
Bellomy Seafood Ii, Llc	seafood-classic	high
Bellomy Seafood Llc	seafood-classic	high
Belzoni's Catfish Cafe'	seafood-classic	medium
Ben And Becca, Llcdba Kiki La'rue	null	low
Ben E Keith	null	low
Benihana of Tokyo	japanese	high
Benkei Ramen Llc	ramen	high
Bennigan's Franchising Company Lp	pub	low
Bennigan’s Grill & Tavern	irish-pub	medium
Bennys	null	low
Bennys Pizza & Pasta Restaurant	pizza-classic	high
Bens3b Llc	null	low
Bent Tree Tex-mex Corporation	tex-mex	high
Berlin Cafe Llc	german	medium
Berry Chicken & Seafood	chicken	high
Best Infrared Grill	null	low
Best Of Cluck Llc	chicken	medium
Best Restaurant Business	null	low
Beyond Ice Llc	null	low
Bff Bakery, Bistro And Bar	bakery	medium
Bh Carl Road Restaurants Llc	null	low
Bh Lounge Of Arlington Llc	bar	low
Bhetghat Restaurant Bar & Banquet	indian	low
Bien Xanh	vietnamese	medium
Big Al’s Scoreboard Grille	sports-bar	medium
Big Apple Cafe	cafe	low
Big B's Barbecue & Catering	barbecue-classic	high
Big Bite by Esteban	null	low
Big Country BBQ	barbecue-classic	high
Big D Pizza Llc	pizza-classic	high
Big Daddy's Kitchen	null	low
Big Daddys Liquor	null	low
Big Dawgs Hot Dog Co.	fast-food	medium
Big Deal Burger	burgers	high
Big Face Hendo's Llc	null	low
Big Ferd's Foods Grilling And More	null	low
Big Smoke Enterprise Inc	null	low
Big Spray Brewing	brewery	high
Big T Restaurant	null	low
Big Tony's Pizza Tavern	pizza-classic	high
Big Will's Soul Food	soul-food	high
Bin 303	wine-bar	low
Bina Investments Inc	null	low
Binh Pham Deep Ellum Investment Llc	null	low
Binkley Restaurant Group Llc	null	low
Biotech Ventures Llc	null	low
Bird & Beast	null	low
Birrieria La Mera Mera	mexican	high
Birriería El Conejo Grand Prairie	mexican	high
Bista Growth Holdings, Llc	null	low
Bistek Restaurant	filipino	low
Bistro 1200	null	low
Bistro 31	null	low
Bistro B	null	low
Bistro Trio Euro Tavern	null	low
Bita's Tex-Mex	tex-mex	high
Bite Bistro	null	low
Bites N Smilez snow cone shop	dessert	medium
Bizzi's Bistro	null	low
Bizzy - Burger Merchants	burgers	high
Bj's Restaurant & Brewhouse	brewpub	medium
Bjk Enterprises Inc Dba Hospice Healthcare Network	null	high
Black Forest Coffee	coffee	high
Black Forest Coffee Haus, Inc	coffee	high
Black Tie Dinner	null	low
Blackeyed Pea Restaurant	southern	medium
Blessed Cajuns Llc	cajun-creole	high
Blessliz African Market	west-african	low
Blu & Nahu Llc	null	low
Blue Angel / Mamita’s Grill	latin-american	low
Blue Bonnet Kitchens	null	low
Blue Canyon Kitchen, Tavern And Wine Bar	wine-bar	medium
Blue Fish Japanese Restaurant	japanese	high
Blue Goose Cantina Mexican Restaurant	mexican	high
Blue Mesa Grill	mexican	low
Blue Mound Cafe - Rufe Snow	cafe	medium
Blue Sky Restaurant	null	low
Blue Sky Restaurant Llc	null	low
Blue Willow Cafe	cafe	low
BlueGreen Canteen	null	low
Blueforkllc	null	low
Bluestone Industries, Llc Dba Factory Outlet Tooling	null	high
Bmfdragon Llc	null	low
Bmo Investments Llc	null	high
Bnm Adira Llc	null	high
Bnr Pit Grill	barbecue-classic	low
Bo Bo China	chinese	high
Board Dragonflies Charcuterie	deli-sandwiches	low
Board and Bread	deli-sandwiches	low
BobaVida	tea-house	medium
Bobby Cox Companies, Inc.	null	high
Bobby V's Sports Gallery Cafe	sports-bar	medium
Boca 31	latin-american	low
Bodega Provisions	null	low
Bokoo Ideas Llc	null	high
Bollywood Bowls	indian	high
Bombay Enterprises	indian	low
Bon Appetit	null	low
Bongo Beaux’s Bourre Palace & Cajun Kitchen	cajun-creole	high
Bonnie & Clyde's Hideout	null	low
Bonnie Ruth's	null	low
Bonnie Ruth's Bistro	null	low
Bonzai Cycle Werx Llc	null	high
Boogie Mack’s Kitchen Food Truck	food-truck	high
Book Club Rowlett Llc	null	low
Boomer Jack Wings No 10	wings	high
Boomerjack Ventures Llc	null	low
Boonburg Inc Dba Chapps Cafe	burgers	low
Borden Dairy	null	low
Boss Burgerz	burgers	high
Boston Market	chicken	medium
Boston's Restaurant & Sports Bar	sports-bar	high
Bothwell-saxton Restaurants Llc.	null	high
Bottle Cap Alley, Llc	bar	low
Bottleneck Clearfork Llc	null	low
Bottles And Boards	wine-bar	medium
Bottom Line Investments I	null	high
Boudreauxs Cajun Kitchen Inc	cajun-creole	high
Boulevard Eatz	null	low
Boulevard Of Greens Inc	salad	medium
Bourbon Street Bar & Grill	cajun-creole	medium
Bourbon Street Blues Bar & Grill	cajun-creole	medium
Bowl & Barrel Rim Llc	new-american	low
Bowl &amp Barrel Citycentre, Llc	new-american	low
Bowl Of Pho Inc	vietnamese	high
Bowlarama Of Texas, Llc	null	low
Boyd Texas Sdi Lp	null	high
Bpr Usa Group Marketing Fund Inc	null	high
Br Operation Center Inc	null	high
Br Preston Center Inc	null	high
Bradford Bakery	bakery	high
Brain Storm Shelter, Llc.	null	high
Branded Bowls	bowls	high
Brandi’s	null	high
Brandon Holmes Dba Legacy Consulting Group	null	high
Branson Cafe Lp	cafe	medium
Brave Optical Inc	null	high
Bravo Cafe	cafe	medium
Braxton’s Bbq	barbecue-classic	high
Bread Winners Cafe & Bakery	bakery	high
Bread Zeppelin	salad	medium
Bread Zeppelin Operating 2 Llc	salad	medium
Breakfast Brothers	breakfast	high
Breaktime Tacos and Burgers	tacos	high
Brewer's Bistro	brewpub	low
Brian Bolke Eleven Consulting Llc	null	high
Brian T. Flaherty, The Cornerstone Company	null	high
Briant Hospitality, Llc	null	high
Bricer Box	null	high
Brick And Bones	chicken	low
Bright Akari Llc	null	medium
Brilla Restaurant Group Inc	null	medium
Brinker International	null	medium
Brisas Mexican Restaurant Las Restaurants Mexi	mexican	high
Broaster’s Chicken	chicken	high
Brooder & Bovine	new-american	low
Brooklyns Pizza	pizza-classic	high
Browbabekate	null	high
Brown Deer Management, Llc.	null	high
Browne Optics Inc	null	high
Brownies Restaurant	null	low
Brunchaholics To Go	brunch	high
Bruner Service Center, Llc	null	high
Bryan & Pearl Llc	null	high
Bty Materials, Llc Dba By The Yard Materials	null	high
Bubba Que Bbq	barbecue-classic	high
Bubba's 33	sports-bar	medium
Bubba's Cooks Country	southern	medium
Bubble and Pop, LLC	tea-house	low
Bubbles Eat & Play	null	low
Buck's Ranch House	comfort-food	low
Bucks Prime	steakhouse	medium
Budare’s	latin-american	low
Bueno Restaurant Group, Inc	null	low
Bueno bueno taqueria	tacos	high
Buffalo Grill	null	low
Buffet Latino Bbq	latin-american	medium
Bukka Grill	west-african	low
Buli	null	low
Bulla Plano Llc	null	low
Bulldog Saloon	bar	medium
Bullet Smoke BBQ	barbecue-classic	high
Bunge Foods	null	low
Burger & Philly Town	burgers	high
Burger Business 211 Llc	burgers	high
Burger Corner	burgers	high
Burger King 12441	burgers	high
Burger Max	burgers	high
Burger One Llc Dba Olive Burger	burgers	high
Burger Street Inc	burgers	high
Burleson Pizza Co	pizza-classic	high
Burlington Towne Crossing, Inc	null	low
Burning Rice	korean	low
Burrito Bellas	mexican	high
Butcher Block	null	low
Byblos Lebanese Restaurant	lebanese	high
Byrds Drive In	diner	medium
C & B Scene	null	low
C & K Business Llc	null	low
C & M Kim Enterprise Inc	null	low
C & M Manufacturing	null	low
C & R Medical	null	low
C & R Spirits Inc	bar	low
C G S Pizza Pasta Llc	pizza-classic	high
C J Food Court LLC	null	low
C Street Restaurant & Pub Inc	pub	medium
C&g Hospitality Llc	null	low
C&s2 Incorporation	null	low
C&t Group Llc	null	low
C.c's Bep, Llc	null	low
C.d.h. Inc	null	low
C.x.t. Management Inc	null	low
C2 - Crispy Corner	null	low
CEC Entertainment it	null	low
CF Chefs	null	low
CHOWK	indian	medium
CJ's Kitchen Caribbean Cuisine	caribbean	high
Cabo Grande	mexican	medium
Caesar I, Lp	null	low
Cafe	cafe	medium
Cafe 235 Llc	cafe	medium
Cafe Amore	cafe	low
Cafe Bahar	middle-eastern	low
Cafe Brazil Llc	brazilian	medium
Cafe Caeli	cafe	low
Cafe Chadra Inc	cafe	low
Cafe Charles	cafe	low
Cafe Charlton	cafe	low
Cafe De Soleil	french	low
Cafe Everest	indian	low
Cafe Fino Express	cafe	low
Cafe Gecko Eastside - Downtown Plano	cafe	low
Cafe Good Day	cafe	medium
Cafe Herrera	null	low
Cafe Jo'lei	cafe	low
Cafe LaFaye	cafe	low
Cafe Madina	middle-eastern	medium
Cafe Max Midway	cafe	low
Cafe McConway at The Preserve - Grapevine, TX	cafe	low
Cafe Mezban	pakistani	medium
Cafe Ngoc Trai, Llc	vietnamese	high
Cafe Nubia	null	low
Cafe Pacific, Inc	null	low
Cafe Rembrandt	cafe	low
Cafe Sicilia	italian-classic	high
Cafe Suzette	french	medium
Cafe Texas	null	low
Cafe-Oke	cafe	low
Cafemandu	indian	low
Cafeteria	null	low
Caffe Noliz	cafe	medium
Café 3040	cafe	medium
Café 6000	cafe	medium
Café De La Esquina	mexican	low
Cairo Gyro & Grill	middle-eastern	high
Cajun Made	cajun-creole	high
Cajun Seafood and Bar	cajun-creole	high
Cake Carousel Inc	bakery	high
Calabar Pot	west-african	medium
Calabrese & Winkler Holdings Llc	null	low
Calabrios	null	low
Calandra's Soulfood Garden&grill	soul-food	high
California Helicopter International	null	high
Camenny Investments Llc	null	high
Cameron K Blair Dds Pa	null	high
Camille's Sidewalk Cafe	cafe	medium
Camino Viejo	mexican	medium
Camo Investments Llc	null	high
Campania Pizza And More	pizza-classic	high
Campfire Allen Llc	null	low
Campisi's Restaurant	italian-classic	medium
Canaan Inc Dba Crown Donuts	donuts	high
Canadian Agri Products Usa Corp. Dba E Cofusion	null	low
Canary Payment Services	null	high
Candleridge Big Burgers &Wings	burgers	high
Cannon Chinese Kitchen	chinese	high
Canos Combination	null	low
Cantina La Rosa	mexican	high
Cantina Laredo Branson Lp	mexican	high
Cantina Laredo Restaurants, L.l.c.	mexican	high
Canyon Cafe Restaurant	null	low
Capital One Auto Group Llc	null	high
Capital One Lounge	null	medium
Capital Pizza Ventures Llc Inc	pizza-classic	high
Capri Italian Grill	italian-classic	high
Captain Jack's Floating Bar & Grill	bar	medium
Cara Mia	italian-classic	medium
Carbone's Fine Food & Wine - Highland Park Llc	italian-classic	medium
Cargo Craft Logistics	null	high
Carjen Management Llc	null	high
Carl's Kitchen	null	low
Carl's. Place	null	low
Carmelita’s Pupuseria & More	latin-american	high
Carnitas estilo Michoacán	mexican	high
Carnival Food Store	null	low
Carols Red Apron	null	low
Carpenters Cafe & Catering	cafe	medium
Carrollton Resaurant Ltd	null	low
Carso Market	null	low
Carson Deli	deli-sandwiches	high
Carte Blanche	french	low
Cartwright 4 Enterprises Lp	null	low
Cartwright's Ranch House	southern	low
Carverpark	null	low
Casa Del Fuego	mexican	medium
Casa Dental	null	low
Casa Himalaya	indian	medium
Casa Lolita’s	mexican	low
Casa Mama	null	low
Casa Mia Latin Cuisine	latin-american	high
Casa Salsa	mexican	medium
CasaMia Mexican Restaurant & Bar	mexican	high
Casita San Lazaro	mexican	medium
Cat And The Fiddle Inc	null	low
Catering	null	low
Catfish & More	seafood-classic	medium
Catfish King Restaurant of Dallas	seafood-classic	medium
Catina Laredo	mexican	medium
Cavalli	italian-classic	low
Cave Society	null	low
Cbe Extreme Nightlife Fw Llc	bar	low
Cctl Empty Glass Enterprises Llc	null	low
Cdlu	null	low
Ce Acquisition, Llc	null	low
Ce Acquisition, Llc.	null	low
Cedar Creek Plowboy's Club	null	low
Cedar Of Las Colinas Inc	null	low
Ceja Law Office P.l.l.c.	null	low
Cel-dry Llc	null	low
Central Beverages Llc	null	low
Century Oak Foods	null	low
Ceviche365uptown LLC	peruvian	medium
Cha Bar Thai Inc	thai	high
Chaac Pizza Midwest, Llc	pizza-classic	high
Chadko Management No. 1 Inc	null	low
Chaf In Restaurant	null	low
Chaisson Investments Inc	null	low
Champion Gourmet	null	low
Champions At Valley Ranch	null	low
Champions Cafe & Sports Bar	sports-bar	high
Champs Restaurant Supply	null	low
Chandi Chowk Restaurant	indian	high
Chandni Grill	indian	medium
Chapps Burgers	burgers	high
Chapps Keller Inc	burgers	low
Char Grill Heritage	burgers	low
Charcoal Avenue	null	low
Charlan Enterprises, Inc. Dba Jamespoint Management Company	null	low
Charles E. Reed Enterprises, Inc.	null	low
Charlie's Tavern & Kitchen Dallas	bar	medium
Charlotte's Coffee Shop	coffee	high
Chat N Chill Bar And Grill, Llc	bar	medium
Chavez Mexican Foods	mexican	high
Chaya Japanese Restaurant	japanese	high
Cheddar's Casual Cafe	comfort-food	medium
Cheddars	comfort-food	low
Cheesy B's	null	low
Cheesy Chaos	null	low
Chef Delivered	null	low
Chef Sharon Payot	null	low
Chef's Palette	null	low
ChefTemii	null	low
Chefco Foods	null	low
Chefs House	null	low
Chennai Cafe	indian	high
Chennai Cafe Grand Irving	indian	high
Chennai To Mumbai Dhaba	indian	high
Chetra's Kitchen	null	low
Chetter Hospitality Group Llc	null	low
Chey's	null	low
Chi-Chi African Mart & Rest	west-african	medium
Chica Blanca Fresh Cafe & Patio	cafe	low
Chicago Style Dog's	fast-food	medium
Chicharrones Laguneros Mary	mexican	high
Chicharrones Salazar	mexican	high
Chick And Seafood Inc	seafood-classic	medium
Chicka Chicka Hot Wings & Daiquiris	wings	high
Chicken & Rice/Burger	chicken	medium
Chicken And Watermelon Fool	chicken	medium
Chicken Shack, Llc	chicken	high
Chicken Stop	chicken	high
Chickonut Little Elm	chicken	medium
Chikas Bariscos	null	low
Chilito Limón	mexican	medium
Chilitos Mexican Restaurant	mexican	high
Chilli Thai Llc	thai	high
Chilly WILLY SNOW CONES	dessert	medium
Chiloso Mexican Bistro	mexican	high
China Coast Restaurant	chinese	high
China Imperial	chinese	high
China Inn Restaurant	chinese	high
Chingate un Taco	tacos	high
Chips & Salsa Tex-Mex & Cantina Carrollton	tex-mex	high
Chirps Chicken Shack	chicken	high
Chispot	null	low
Chitos Authentic Mexican Restaurant	mexican	high
Chocolate House Incubator Retail Llc	chocolate	medium
Choi & Choe Enterprise Inc	null	low
Choi's Donuts	donuts	high
Chonsky Wash Sales Llc	null	low
Chop Six	pan-asian	medium
ChopShop McKinney Sports Garage	sports-bar	medium
Chopin Restaurant	eastern-european	medium
Chopshop Arizona, Llc	null	low
Chris & Co. Movers Austin	null	low
Chris Dickerson	null	low
Christies Sports Bar & Deli	sports-bar	high
Christina's Boutique And Bistro	null	low
Christinas Fine Mexican Food	mexican	high
Christopher Management Co Ltd	null	low
Chubby Cattle Dallas Llc	chinese	low
Chuluteca	null	low
Chuon-Chuon Vietnamese Coffee & Banh Mi	vietnamese	high
Church's Fried Chicken	chicken	high
Chutney's & More	indian	medium
Chuys Restaurant Denton Texas	tex-mex	medium
Cici Enterprises, Lp	null	low
Cigar Shop & More	null	low
Cindy And Ron Haddock Dining Room	null	low
Cinergy Entertainment Group, Inc.	null	low
Cinque Technologies Llc	null	low
Circle Grill	null	low
Circle M Partners Llc	null	low
Cisneros Restaurants Inc	null	low
Citadel Behavioral Health Services Inc	null	low
Citizen Restaurant Group Inc	null	low
City Credit Union	null	low
City Hall Bistro	null	low
City Kitchen	null	low
City One Stop	null	low
CityLine DFW	null	low
Ciudad Restaurant	mexican	low
Cj's Cafe	cafe	medium
Ck Support Services Inc Dba Covenant Business Solutions	null	low
Ckc Commercial Service Llc	null	low
Claremont	null	low
Clarita Tacos & Gorditas	tacos	high
Classe Ghost Kitchen	null	low
Clawson Services Inc	null	low
Clay Pit	indian	medium
Claypot African Restaurant & Bar	west-african	medium
Clear Fork Grill	null	low
Clements Nut Co	null	low
Clf Creative Llc	null	low
Cliff Cafe	cafe	medium
Clifford Chiro, Pllc	null	low
Cliff’s Candy Store	dessert	medium
Clifton C. Johnson Ii Management Co., Llc.	null	low
Cloud 9 Vapor Llc	null	low
Cloud Dreams Llc	null	low
Cloud Nine Cafe	cafe	medium
Cloudy With A Chance of Snowballs & Treats	dessert	high
Cluckers Fried Chicken	chicken	high
Cluckin Great	chicken	medium
Cmrg-sd Investments, Lp	null	low
CoCo Ichibanya	japanese	high
Coca-Cola	null	low
Coca-Cola Company	null	low
Coca-Cola Freestyle	null	low
Cocina Fresca	mexican	medium
Cocina GROUP - Dallas	mexican	low
Cocina Italiano	italian-classic	high
Coco Loco Fruteria Y Neveria	mexican	medium
Coco Shrimp	seafood-classic	medium
Coffee Cup Cafe	coffee	medium
Cole Mountain Inc	null	low
Colleyville Tx Sdi Ltd	null	low
Collin County Adventure Camp Dining Halll	null	low
Collins Bar And Grill	bar	medium
Collision Source Llc	null	low
Colony Foods Llc	null	high
Colters Bbq	barbecue-classic	high
Comanche Outlaw BBQ	barbecue-classic	high
Comfort Sleep Inn Inc	null	high
ComidasRx	null	low
Comiendo Feliz	latin-american	low
Commonwealth Entertainment Group	null	high
Communication Sales Service	null	high
Community Bbq And Grill	barbecue-classic	high
Community Insurance Advisors	null	high
Como En Casa	latin-american	medium
Comprehensive Communication Services Ll	null	high
Concrete Cowboy	bar	low
Coneheads Snow Cones	dessert	medium
ConkyJoe	null	high
Connie's Louisiana Kitchen	cajun-creole	high
Conquer Industries, Inc	null	high
Consilient Restaurants	null	high
Consolidated Restaurant Operations Inc.	null	high
Container On Wheels	null	medium
Continental Foods Inc	null	medium
Coo International,llc	null	high
Cool Berry Frozen Yogurt at UTA	ice-cream	high
Cooleys4u	null	high
Cooper Bergman	null	high
Coppell L.l.c	null	high
Coppell Sports Garden North Inc	sports-bar	low
Copper & Vine Tasting Room	wine-bar	high
Copper Creek Restaurant	null	high
Corby's Grill	null	medium
Core F&b Llc	null	high
Core Fb, Llc	null	high
Cork & Keg	bar	medium
Corner Barkery	bakery	low
Corner Connection Management, Llc	null	high
Cornerstone-Lindsay	null	high
Corona Air Services Llc	null	high
Corral Grill	null	medium
Corsicana Restaurant Services, Llc	null	high
Cosmo Rouge Bistro & Lounge	null	low
Cost Plus World Markets 80	null	high
Costa Victoria Mariscos del Pacífico	mexican	high
Cott Beverages	null	high
Cotton Belt BBQ Co.	barbecue-classic	high
Country Bliss Nutrition	juice-smoothie	low
Country Boyz Bbq	barbecue-classic	high
Country Kitchen	comfort-food	low
Country Pride	null	medium
Cousin's Store #1 - Mccart Llc	null	medium
Cousin's Store #2 - Cityview Llc	null	medium
Cousin's Store #3 - Crowley Llc	null	medium
Covenant Holdings Group	null	high
Cowboy Chow	southern	low
Cowboy Cut-Steaks To Go	steakhouse	high
Cowboy Sno Shaved Ice	dessert	medium
Cowboy Vapor Inc	null	high
Cowboy's Beer Barn	bar	medium
Cowboys Club A Dfw	null	medium
Cowboys Restaurant Gainesville	null	medium
Cowtown Concepts Llc	null	high
Cox 407 Bbq Llc	barbecue-classic	high
Cpah, Pllc	null	high
Crab Baby	crab-house	high
Crab Nation Arlington	crab-house	high
Crab Station - Walnut, Dallas	crab-house	high
Crab Trap 214	crab-house	high
Cracker Barrel	southern	medium
Crackin Crab Kitchen Inc	crab-house	high
Craft Brew Guild of Grapevine	brewery	medium
CraftWay Kitchen Southlake	null	medium
Crafted Bar Concepts, Llc	bar	medium
Craftway Kitchen Frisco	null	medium
Crave	null	medium
Crave Cafe & Bar	cafe	medium
Crave Café	cafe	medium
Crazy Brothers Breakfast, Lunch, And Dinner	breakfast	medium
Crazy Cowboy Restaurant And Bar Llc	null	low
Crazy Eyes Holdings, Llc	null	high
Crdental,pllc	null	high
Cream Rolls International, Llc	ice-cream	medium
Creating Roots LLC	null	high
Crepas Paris	french	high
Crepes & Stuff	french	medium
Crepes Bistro	french	medium
Cresa Dallas/ft. Worth	null	high
Crescer Designs Llc	null	high
Crest Foods, Inc. Dba Nestle Toll House Cafe By Chip	dessert	medium
Cripple Curts BBQ & Western Fixins	barbecue-classic	high
Cristina's Fine Mexican Restaurant - Plano	mexican	high
Cro Development I Lp	null	high
Crown Tacos	tacos	high
Crowns BBQ & Sports Grill	barbecue-classic	high
Cru Legacy Lp	wine-bar	low
Crumbzz	bakery	low
Csi Drive-thru Communications. Llc	null	high
Cswm Solutions Incorporated Dba Austin P	null	high
Ctb, Llc	null	high
Ctc Plano Road, Llc	null	high
Ctc Spring Valley Llc	null	high
Cuco's Restaurant Group Llc Dba Cuco's Sandwich Shop	deli-sandwiches	high
Culinary Art Catering	null	medium
Culinary Community Kitchen	null	medium
Culinary Kitchen & Beyond	null	medium
Cuno Bar & Grill	bar	low
Curries N Cravings	indian	high
Curry Me Out	indian	medium
CurryTini	indian	medium
Currywood Kitchen	indian	medium
Custom Home Accents Llc	null	high
Cutie Pies Llp	bakery	medium
Cuzco Latin Cuisine	peruvian	medium
Cv Alliance, Llc	null	high
Cvcc Of Texas Llc Dba Costa Vida Fresh Mexican Grill	mexican	high
Cw Kit, Llc	null	high
Cycling Center Dallas	null	high
Cypress Production Inc	null	high
Cypress waters	null	high
Czechxan Bar B Q	barbecue-classic	high
Cơm Gà Houston - Arlington	vietnamese	high
D & C  Mini pancakes	breakfast	medium
D & D Service	null	high
D King Eatz	null	medium
D Max Euless Llc	null	high
D&a Easton Investments Llc	null	high
D'Fried	null	low
D'Xquisite Cusine & lounge	null	medium
D7933 Kaufman Inc	null	high
DALES cafe	cafe	low
DALLAS TACO COMPANY	tacos	high
DFW Airport Travel Lounge	null	medium
DFW Live Grill	null	low
DFW Restaurant Week	null	high
DL Rogers Corp	null	low
DNA Daiquiris	bar	medium
Da Birria Bar	mexican	high
Da Nang Quan Restaurant	vietnamese	high
Da nickel house	null	medium
Da'cat	null	low
Daddy's Cafe Restaurant	cafe	low
Daddyz’ Kitchen	null	medium
Dafricana African Supermarket and Bakery Restaurant Denton	west-african	medium
Dahlia Bar & Bistro	bar	low
Daily Perk Cafe	coffee	medium
Daiquiri Dash	bar	medium
Daiquiri Shoppe	bar	medium
Daj Restaurant Fw Ltd	null	high
Dallas	null	high
Dallas Cookies & More	bakery	medium
Dallas County Community College District	null	high
Dallas Cowboys Stadium	null	high
Dallas Freightliner-Western Star	null	high
Dallas Grill	null	medium
Dallas Kosher Pizza	pizza-classic	high
Dallas Pit Bbq	barbecue-classic	high
Dallas Pizza Company	pizza-classic	high
Dallas Prep Kitchen Llc	null	medium
Dallas Restaurant Management Corporation	null	high
Dallas Restaurants	null	high
Dallas Sd&b Llc	null	high
Dallas Smoked Fusion	barbecue-classic	medium
Dallas Tortilla & Tamale Factory	mexican	high
Dallas Underground Walkways	null	high
Dallas chaat House	indian	high
Daltons Corner Bar And Grill Llc	bar	medium
Dami Korean Restaurant	korean	high
Dan Friends Inc	null	high
Dana Imports	null	high
Danie Choco Foods & Cuisine	null	low
Daniel A. Clearfield, D.o., M.s., Pllc	null	high
Daniel Hebert Inc Dba Complete The Chain	null	high
Daniela cake designer	bakery	high
Daniele Developments Llc	null	high
Danone Co	null	high
Daqs 2 Geaux	bar	low
Darsho Investments, Llc	null	high
Datshiigood seafood&grill	seafood-classic	high
David & John Inc Dba Wok N Go	chinese	medium
David Johnson Insurance Agency Inc Dba Alvarez &amp Johnson	null	high
Davis-rod Llc.dba Taco Casa	tacos	high
Daybreak Group	null	high
Dayne’s Midnight Munchies	null	medium
Dde & Associates, Llc	null	high
De La Costa Restaurant	latin-american	low
Dea Restaurant Dallas	null	high
Dealano Investments Llc	null	high
Debbiesmith	null	high
Dee Lincoln Steak and Burger Bar	steakhouse	high
Deja Bru Cafe Llc	cafe	medium
Del Boca Brickell Lp	null	low
Del Frisco's Restaurant Group	steakhouse	medium
Deli Queen	deli-sandwiches	high
Delia's	null	low
Delicia Restaurant	null	low
Delicious Chicken And Fish Ltd Co	chicken	medium
Delish Bubble Tea	tea-house	high
Delish Hospitality	null	high
Delish Hospitality Inc	null	high
Dell Cafe	cafe	medium
Delta Sky Club	null	medium
Deluxe Market & Grill	null	low
Delvestment Properties Inc	null	high
Denar Llc	null	high
Dental Flossophy, P.a	null	high
Denton 360 Gyro Llc	greek	medium
Denton County Independent Hmbg	burgers	medium
Depalma Hotel Corporation	null	high
Depalma Hotels & Resorts	null	high
Dera Kitchen	pakistani	low
Derby Restaurant Dallas	null	low
Dervani, Inc	null	high
Desert Racer	null	low
Desi District - Frisco, TX	indian	medium
Desi Ginger Indian Cuisine	indian	high
Desi Rasoi	indian	high
Desi'oso	indian	low
Dessert Unlimited	dessert	high
Deviled Egg Co.	null	low
Dfrg Management, Llc	null	high
Dfw Ezy Trades	null	high
Dfw Hiccups Llc	null	high
Dfw Laser Lipo	null	high
Dfw Pop Restaurants Llc	null	high
Dfw Travel Lounge Near C6	null	high
Dfw Vapor &amp Smoke Llc	null	high
Dfw warehousing	null	high
Dglam Investments, Llc	null	high
Dhanmaan Corp	null	high
Dharani	indian	low
Dhido nepali restaurant & 1 Stop Meat Shop	indian	low
Diamond Jubilee Blessings Inc	null	high
Dickerson Financial Group Inc Dba Tg Insurance Or Texas Gian	null	high
Dickey's Capital Group Inc	null	low
Dickeys Bbq Greenvi	barbecue-classic	high
Dicks Last Resort	bar	low
Dieval Cleaning Services Inc	null	high
Dildy & Associates Inc	null	high
Dillas Quesadillas	mexican	high
Dimples' Fries & Wings	wings	high
Dining Dollars	null	high
Dining at the Music Hall at Fair Park	null	high
Dire Dawa Cafe & Restaurant	ethiopian	high
Direct Art Llc	null	high
Dirk's Dockside Bar & Grill	seafood-classic	low
District Dallas	null	low
Dithyas Indian Kitchen	indian	high
Dive Hospitality Group Llc	null	low
Dive In Swim Club	null	low
Diwa Kitchen Co.	null	low
Dj Hsin Li Inc	null	low
Djg Dfw 3908 Cedar Spring Road Llc	null	low
Dl Rogers Companies	null	low
Dmb Enterprises Llc	null	low
Dmd Elite, Llc Dba United Construction O R Allsports Etc	null	low
Dmya Investments, Llc	null	low
Doce Mesas	mexican	low
Dockside Grill	seafood-classic	low
Dolce Oliva Cafe	italian-classic	medium
Dolce Paradiso	dessert	low
Dollar Outlet Corporation	null	low
Domingo	null	low
Dominguez Pete Enterprises	null	low
Don Camillo Italian Cuisine	italian-classic	high
Don Chabe Steak	steakhouse	medium
Don Chicken	chicken	medium
Don Hilaro's Mexican Food	mexican	high
Don Jorge's Cocina	mexican	medium
Don Leon Tacos	tacos	high
Don Pablo's Mexican Kitchen	mexican	high
Don Pedro Restaurant	mexican	low
Don Regio Taqueria	tacos	high
Don't Tell Supper Club	new-american	low
Donut Shop	donuts	high
Dope Spice	null	low
Dos Aces Mexican Food	mexican	high
Dos Charros Tex Mex Restaurant	tex-mex	high
Dos Joses Llc	null	low
Doskocil Mfg Co Inc	null	low
Dossani Holdings Ar, Llc	null	low
Doug and Broskis	null	low
Douglas Bar And Grill	bar	low
Dover's Grille	null	low
Downtown Mckinney Association	null	low
Dpp-cth Limited Liability Company	null	low
Dr Badillo Enterprises Llc	null	low
Dr Drywall Residential Inc	null	low
Dr Pepper	null	low
Dr. David Keelen	null	low
Dr. Ned E. Beiser Professional Association	null	low
Drakes Studio 21	null	low
Drakes Yoke	null	low
Drg Concepts	null	low
Dry Hole Charlie's	bar	low
Ds Kitchen Group Llc	null	low
Ds Restaurant Ventures, Llc	null	low
Dsb&g Inc	null	low
Dsmj Enterprises, Llc	null	low
Dub's Place	null	low
Duchess at The Nobleman	null	low
Dumpling Queen	chinese	medium
Dunes Mediterranean Grill	mediterranean	high
Dunn Rite Cafe	cafe	medium
Durango burger	burgers	high
Durkin's Pizza, L.p	pizza-classic	high
Durning House Bed & Breakfast	breakfast	low
Dwell Church	null	high
Dying About Real Bovine Special	null	low
Dynamaxx International	null	high
Dynamaxx International, Ltd	null	high
E Flo Restaurant Group	null	high
E.s. Justice, Llc	null	high
EL ENCANTO LA CANTINA	mexican	medium
ELJ Courier Services LLC. 	null	high
EME Transport LLC 	null	high
EMI Industries	null	high
Eagle Belt, Llc.	null	high
Eagle Landing	null	high
Eagle Pallet, Llc	null	high
Eagle Pride Financial Inc	null	high
Earl's Restaurant Legacy West Tx Inc	null	medium
Earleybird Investments Llc	null	high
Earn Sum & Joy	null	low
East Buffet	buffet	medium
East Hampton Llc	null	high
East Tejun Catering Co.	null	low
East Texas Patrol	null	high
Eastern Payroll Llc	null	high
Easy Freshly	null	low
Eat Llc	null	high
Eatatsonic	fast-food	medium
Eay Llc	null	high
Ebarb Craft Sausage	null	low
Ebenezer Restaurant	null	low
Ebg Llc	null	high
Ecco Lounge	bar	low
Echo Food Group	null	high
Editable Designs By Julia	null	medium
Education Career Alternative Program	null	high
Ef Corporation	null	high
Effies Home Cookin	comfort-food	medium
Egg Haus Cafe - Aubrey	breakfast	medium
Egg Roll Inn	chinese	medium
Eggpan Llc	breakfast	low
Ehsan Aman & Sons Llc	null	medium
Ehsan Burger	burgers	high
Eighteen Sixty	null	medium
Eighty Twenty Hospitality	null	high
El Antojito	mexican	medium
El Antojo Fruteria	mexican	medium
El Arca De Noe	latin-american	low
El Cantón Tacos Y Pupusas	latin-american	medium
El Chico	tex-mex	medium
El Chico Restaurants Inc.	tex-mex	medium
El Chifrijo Puerto Rican Fusion	caribbean	medium
El Comalito Express	mexican	medium
El Farolito	mexican	medium
El Fenix Corporation	mexican	medium
El Fenix Mexican Restaurant	mexican	high
El Fenix Mexican Restaurants - Dallas Locations- Lemmon-Inwood	mexican	high
El Guerrerense	mexican	medium
El Jefe's Sportsbar & Restaurant	sports-bar	high
El Kalentano Villares	latin-american	low
El Limón antojitos botanas y shave ice snow cones	mexican	high
El Manantial	null	low
El OJON Elotes y Micheladas	mexican	high
El Oaxaqueno	mexican	high
El Original	null	low
El Pariente De Chihuahua	mexican	medium
El Paso Cantina	mexican	medium
El Peñon Restaurante Salvadoreño	latin-american	high
El Pollo Loco Restrnt	mexican	high
El Pueblo Mexican Cafe	mexican	high
El Rancho Mexican Restaurant	mexican	high
El Ranchon Restaurant	mexican	medium
El Rincon Del Chef	latin-american	low
El Rinconsito Latino Meat Market Llc	latin-american	medium
El Rinconsito de Salud	juice-smoothie	low
El SAZON De PA	latin-american	low
El Sazon de Michoacan	mexican	high
El Taco Compartido	tacos	high
El Tacolote	tacos	high
El Tacomiendo	tacos	high
El Tiburon #2	seafood-classic	medium
El Trancazo Taqueria	tacos	high
El buey de la barranca	mexican	medium
El chilenito  po	latin-american	low
El santo kamaron	seafood-classic	medium
El viejon Eloteria	mexican	high
Elaine's Kitchen	null	low
Elephant Bar	bar	medium
Elevation Lifestyle	null	low
Eli Home Health Services Inc	null	high
Elitch's Kiddie Land CafÉ	cafe	medium
Eliza's Fruteria	juice-smoothie	medium
Elizandro’s Mexican Food	mexican	high
Ella B's Express - Ennis TX	null	low
Ellerbe Fine Foods	null	low
Elliott's Ice House	null	low
Elliott's Shave Ice	dessert	medium
Elmerendero restaurantes  tx	latin-american	low
Elotes Contreras	mexican	high
Elotes El Potosino	mexican	high
Elotes Juniors	mexican	high
Elotes La Tia	mexican	high
Elotes Mendoza	mexican	high
Elotes Mi Lupita	mexican	high
Elotes la paisana	mexican	high
Elv8 Luxe Llc	null	high
Embizdays, Inc. Dba Jk Donuts	donuts	high
Emerald Bakery Llc	bakery	high
Emk 360 Corporation	null	high
Empanadas - Arepas 3F	latin-american	high
Empowered Finances Llc	null	high
Emultec Holdings, Llc Dba Emultec Industrial Products Or Emu	null	high
Enchanting Aesthetics	null	high
Enchiladas Ole' Nrh	mexican	high
Endzone Bar And Grill	sports-bar	medium
Endzone Sports Bar And Grill	sports-bar	high
Energy Efficient Measures, Llc	null	high
Energy Healing Clinic Llc	null	high
Enjoymint Campbell Llc	null	medium
Eno's Pizza Tavern 2, Llc	pizza-classic	high
Enp Franchise	null	high
Epi Breads Dallas	bakery	high
Epicentre Restaurant Ventures Lp	null	high
Equipment Preference, Inc.	null	high
Erbert And Gerberts	deli-sandwiches	medium
Erie Management Incorporated	null	high
Esb World Inc	null	high
Eskimo HUT	null	low
Espresso Tre	coffee	high
Estp, Inc. Dba Techrack	null	high
Eternal Success Corporation	null	high
Ethel Janes - BENDT Whiskey Kitchen	bar	low
Europasian Auto Pro's	null	high
Everest Alliance Incorporated	null	high
Everest Momo	indian	low
Evergreen Super Buffet	buffet	high
Exactitude Leadership Concepts	null	high
Exactt Auto Llc	null	high
Executive Restaurant Search	null	high
Exel - Owens Corning	null	high
Exito Saludable	null	medium
Exotic Grill African Cuisine	west-african	low
Express Grill Texas	null	medium
Exxclusive Taste Dallas LLC	null	medium
Eym Cafe Of Texas Llc	cafe	medium
Ez-way Restaurant	null	high
F&f Japanese Grill	japanese	high
F1 Smokehouse - University	smokehouse	high
F5 Frostbites Freeze-Dried Treats	dessert	medium
FINE ASIAN - Murphy	pan-asian	high
FTW Crawfish Co.	cajun-creole	medium
Fa Sheezy Restaurant Group	null	high
Fabulous 50’s	diner	medium
Faces By Maryanna	null	high
Facials Plus	null	high
Faithful Five Management Pllc	null	high
Fajita Brothers	mexican	medium
Falafel Maker	middle-eastern	high
Fame Bar & Grill	bar	medium
Family Barbeque Restaurant - Halal	halal	medium
Family Cafeteria Of The Southwest Inc	null	medium
Famous Potatoes	null	low
Fang Fang Chinese Cafe	chinese	high
Fantasma Kitchens	null	high
Fantastic Asian Restaurant Llc	pan-asian	medium
Fare Enterprise, Inc. Dba Yogurt Zone	dessert	medium
Farhady And Dadyan Llc	null	high
Farm+feed	null	medium
Farrar &amp Associates, Inc. Dba Arlington Kid To Kid	null	high
Farren Investments Group Inc	null	high
Farzad Food Group Llc	null	medium
Fast Fins	seafood-classic	medium
Fast Furious	null	medium
Fat Straws Bubble Tea Co.	tea-house	high
Fatboi's Feast And Goodeatz	null	low
Fatir Inc Dba Marble Slab Creamery	ice-cream	high
Favorite Food, Inc	null	high
Faye's Fusion	null	medium
Fazoli's	italian-classic	high
Fb Angels Share Llc	null	medium
Fcf Restaurants, Inc	null	high
Feastivities Gourmet to Go Market	null	medium
FedEx Ground Irving Super Terminal 0752	null	high
FedEx Office Print & Ship Center	null	high
Federal Express	null	high
Feel-in	null	high
Felipe Armenta's Restaurants Llc	null	medium
Fence Me In Inc	null	high
Fenjani Hookah Lounge	middle-eastern	medium
Festive Kitchen	null	medium
Fgc Dining Club Llc	null	high
Fhn Interests Llc	null	high
Fiber Milling Llc	null	high
Fiesta Grill	mexican	medium
Fiesta Restaurant Group Inc	null	medium
Fifth & Commerce	null	high
Figaro Cafe	cafe	medium
Filthy Animals	null	medium
Fine Mexican Food	mexican	high
Fire Oak Grill	null	medium
Firebird Restaurant Group, Llc.	null	medium
Firefly Grilling Co.	null	medium
Fireside Bbq & Grill	barbecue-classic	high
Fireside Pies	pizza-classic	medium
First Diversified Medical Consulting, Lp Dba Valence Laborat	null	high
First Momentum Enterprises Llc	null	high
First Watch, Llc	breakfast	high
Firstwatch	breakfast	medium
Fish N Tails Oyster Bar	oyster-bar	high
Fishmongers Seafood Market & Cafe Inc	seafood-classic	high
Fishtales Bar & Grill	seafood-classic	medium
Five Elements Mongolian Grill & Bar	chinese	medium
Five Tastes Llc	null	high
Fivee	null	high
Fivestone Business Consulting Llc	null	high
Five’s Asian Kitchen & Boba Tea Bar	pan-asian	high
Flames Seafood Grill & Bar	seafood-classic	high
Flamin Dragon Salsa	null	low
Flamin Rai’s	null	high
Flatbread Greenville Llc	pizza-classic	low
Flatrock Smokehouse	smokehouse	high
Flavor Hub	null	medium
Flavors Indian restaurant By Ganesha Ek sanskriti	indian	high
Fletch Technology, Llc	null	high
Flips Western Center, L.p	null	high
Florida Pop, Llc	null	medium
Flossie's	null	high
Flower Mound Pizza Lp	pizza-classic	high
Flower Mound- Rp Inc	null	high
Flying Fish - Plano, TX on North Preston Rd	seafood-classic	high
Fm Yousun Corporation	null	high
Fmf Services Inc	null	high
Fond	null	medium
Food Adventure Memories	null	high
Food Catering Inc	null	high
Food Court	null	high
Food Innovation Factory	null	high
Food Nation Cinco Cocinas Food Hall	food-hall	high
Food Of Dreams Llc	null	high
Food Trio Inc	null	high
Food Truck Connector - Dallas Food Trucks	food-truck	high
FoodBiz Tech Consultants	null	high
Foodies Lab Kitchen	null	medium
Foodistaan	indian	medium
Foodistaan (Frisco)	indian	medium
Fordscratchkitchen	null	medium
Forh Worth	null	high
Fork & Fire Plano Scratch Restaurant & Brunch	brunch	medium
Fornacci Pizza & More	pizza-classic	high
Forney ISD The Local	null	high
Fort Butcher	steakhouse	low
Fort Redemption	null	high
Fort Worth Food Works	null	medium
Fort Worth Nks Llc	null	high
Fort Worth Stockyards-Jessica	null	medium
Four Corners Brewi	brewery	medium
Four Leaf Ventures, Llc	null	high
Fox And Hound English Pub	pub	high
Fox and Hound Fort Worth - SW	pub	medium
Franchise Associates	null	high
Franchise Bar Management, Llc	null	medium
Frank's Taco Grill	tacos	high
Frankie's Sports Bar Grill	sports-bar	high
Frankie’s Bar & Kitchen	bar	medium
Fratello Pizza & Doner Kebab	pizza-classic	medium
Freckle’s Chicken	chicken	high
Fred's Downtown Philly Hulen Is Now	deli-sandwiches	medium
Fred's Texas Cafe	cafe	medium
Free Range Concepts Management Llc	null	high
Free Range Presents Dallas, Llc	null	high
Freedom Food Management Llc	null	high
Freeman Management	null	high
Freeman Trucking Herman	null	high
Freerange Employment, Llc.	null	high
Freestylez Kitchen	null	medium
Freida Kassam U.s. Inc Dba Country Burger	burgers	high
French Quarter Bistro	cajun-creole	medium
French's	null	low
Frenchie Preston Center	french	medium
Fresh Choice	null	low
Fresh Indian Food, Inc	indian	high
Fresh Innovations Llc	null	high
Fried Daze	null	low
Friendly's Restaurants Co, Llc.	ice-cream	medium
Friends Of Redbird Airport	null	high
Fries Restaurant Management Llc	null	medium
Frisco BBQ Catering	barbecue-classic	high
Frisco BaseCamp Restaurant & Bar | Best Nepali Restaurant in Frisco	indian	low
Frisco Hwcg Inc	null	high
Frito-lay Inc. (h Q)	null	medium
Fritzl's Austrian Grill	german	high
From Across The Pond	british	medium
Front Burner Catering, Llc	null	high
Frontier Grill	null	medium
Frosty Drive N	ice-cream	low
Fruit King	juice-smoothie	low
Fruta Xpress	juice-smoothie	medium
Frutería Trópicana y Restaurante	mexican	medium
Frutería,Neveria coco’s y restaurante	mexican	medium
Fs Adventure, Llc	null	high
Ft Worth	null	high
Fts Ohio Shop 2, Llc	null	high
Fts Ohio Shop 3, Llc	null	high
Fts Texas Shop 2, Llc	null	high
Fts Texas Shop 4, Llc	null	high
Fuelcon Management Llc	null	high
Fun Dezi Pizza Llc	pizza-classic	high
Funky Baja’s Cantina	mexican	medium
Funneled Through	null	high
Furlough Brothers Cheesesteaks (East Dallas)	deli-sandwiches	medium
Fye Sports Cards	null	high
G-theory Llc	null	high
GC Lines	null	high
Gad L.l.c	null	high
Gaga Dental Pllc	null	high
Galactic Dragon Inn	null	low
Gamesters Inc Dba Texas Sales	null	high
Gangnam Sushi House	sushi	high
Gao Zheng Company	null	low
Garita Artisan Bakery	bakery	high
Garland Road Thrift Stores	null	high
Garland Ventures	null	high
Gaskey's Sports Grill #1 Llc	sports-bar	medium
Gateway Subway 29	deli-sandwiches	medium
Gather Restaurant Llc	null	medium
Gazell Llc Dba / Tantuni Mediterranean Grill	turkish	medium
Gb Pizza Llc	pizza-classic	high
Gdh Enterprises, Inc	null	high
Gen 2214 Sdi Llc	null	high
Gen Carrollton Lp	korean	low
Gen Frisco Lp	korean	low
Gen-x Outdoor Solutions Llc	null	high
General Mills	null	high
Genghis Grill	pan-asian	medium
Gennie’s kitchen	null	medium
German Store Locator	null	low
Gfh Camping	null	high
Gfm Production	null	high
Gidi Bar & Grill	west-african	low
Gigi Global Inc	null	high
Gigi's Cupcakes Frisco	bakery	high
Gil Kim Enterprise Inc	null	high
Ginger's Dallas	null	medium
Ginghis Donuts & Lunch	donuts	high
Giovanni's Italian Restaurant	italian-classic	high
Gk Mount India Cafe Llc	indian	high
Gkd Restaurant Group Inc	null	high
Global Drg Management Inc	null	high
Global Peace Factory	null	high
Global Restaurant Group Llc	null	high
Gloria Jean Coffees	coffee	high
Gloria&#39 S The Rim Restaurant San Antonio Llc	latin-american	low
Gloria's Premium Tortilla Company	mexican	medium
Gloria's® Latin Cuisine	latin-american	high
Glorias Restaurant	latin-american	low
Gloton Texas	null	low
Gm System	null	high
Gnat Shooting Usa	null	high
Go Lounge	bar	low
Goat & Vine Restaurant + Winery	wine-bar	medium
Goat And Vine Restaurant + Winery- Fort Worth	wine-bar	medium
God's Country Cafe	cafe	low
Golconda Express Indian Kitchen	indian	high
Gold Luna Inc	null	low
Gold Package Llc	null	low
Gold Revolver	null	low
Golden Boy Coffee Co. Llc	coffee	high
Golden Chick Restaurant	chicken	high
Golden Corral 924, Grand prairie, TX	buffet	high
Golden Corral in North Richland Hills	buffet	high
Golden Grain Bakery	bakery	high
Golden Hot Pot	chinese	medium
Golden Rock	null	low
Golden Tree Restaurants	null	low
Goldie Chicken	chicken	high
Golf 2 Par	null	low
Golightlys Gallery Inc	null	low
Goloco 5	null	low
Good Eats Grill	null	low
Good Kitchen Dos Llc	null	low
Good Kitchen Uno Llc	null	low
Good Luck Drive In	fast-food	low
Good Vibes Only	null	low
Goodies Bar And Grill Ftw	bar	medium
Goodies On Commerce	null	low
Goodsurf	null	low
Goodwins	null	low
Gorditas y Tacos Tapatios El Aguilar	tacos	high
Gordo's Bbq & Grill	barbecue-classic	high
Gorilla Hut	null	low
Gorilla Nutz	null	low
Gospel 1 Inc	null	low
GourmEats	null	low
Gourmet Cuisine, Inc	null	low
Gourmet Cuisine, Inc.	null	low
Grace Kim Inc	null	low
Grace Trade Inc	null	low
Gran Machu Picchu	peruvian	high
Granada Market	null	low
Granbury Solutions	null	low
Grand Palace	chinese	low
Grand Prairie Marvel Dental Pllc	null	low
Grand Prairie, South Carrier Ltd	null	low
Granny's Cajun Cooking - Dallas	cajun-creole	high
Granny's Grill	null	low
Granola With Love	breakfast	low
Grapevine Restaurant Ventures Lp	null	low
Grapevine Tx Sdi Inc	null	low
Gravity Mixing	null	low
Greasebusters of Dfw	null	low
Great Outdoor Sub Shop	deli-sandwiches	high
Great Scott	null	low
Green F&amp B Co Llc	null	low
Green Restaurant Services, Llc	null	low
Green's Greenery, L.l.c	null	low
Green's Texas Bbq	barbecue-classic	high
Greenbriar Preston Hollow Restaurant Llc	null	low
Greencast Investments Llc	null	low
Greenville Deli and Ice Cream	deli-sandwiches	high
Greenville Restaurant Services, Llc	null	high
Greenwood's German Restaurant and Bakery	german	high
Griff's Of America, Inc	null	medium
Grill & Vine	wine-bar	low
Grill N Crust	pizza-classic	low
Grill Operations 2017 Llc	null	high
Grna Llc.	null	high
Grr Mesquite Llc	null	high
Grub Daddy, Llc	null	medium
Grub Kitchen + Bar	null	medium
Grub N Go	fast-food	low
Grumps Development Co. Llc	null	high
Grutogi Bistro - Flower Mound	null	medium
Gsp Global Inc	null	high
Gtk Management Inc Dba Lonestar Roadhouse	steakhouse	medium
Guacaburgers	burgers	high
Gub Hilltop Enterprise Llc	null	high
Gueros Mexican Grill	mexican	high
Guideit	null	high
Gulf Coast Jacks, Inc	seafood-classic	low
Gulf Coast Restaurant	seafood-classic	medium
Gumbo All In Fun Lp	cajun-creole	medium
Gumbo's	cajun-creole	high
Guo Ping Inc	null	medium
Gustos burger bar + more	burgers	high
Gutter Logic Of Dallas Llc	null	high
Guy Fieri's Flavortown Kitchen	comfort-food	medium
Guys Auto Body	null	high
Gw Restaurant Group Llc	null	high
H & C Hakim #2, Inc	null	medium
H Y Services Llc	null	high
H&a Diversified Investments Llc	null	high
H.j. Wang Restaurant Group, Llc	chinese	low
HG Sply Co.	new-american	low
HG Sply Co. - Alliance	new-american	low
Ha Ha Buffalo Wing	wings	high
Ha-nguyen Llc	null	medium
Haagen - Dazs	ice-cream	high
Habanero Mexican Restaurant	mexican	high
Habesha Express	ethiopian	high
Habibi & Spice - Fusion Kitchen	middle-eastern	medium
Hair By Ryan Chambers	null	high
Hair By Shea	null	high
Hakim Inc	null	high
Halal District	halal	high
Half Shells Of Flower Mound Llc	seafood-classic	medium
Half Shells Seafood Grill	seafood-classic	high
Halftime Bar & Grill	sports-bar	medium
Haltombrau Partnership Ltd	null	medium
Hamburger Mary's Dallas	burgers	high
Hamilton Patio and Grill	null	medium
Hands+Rose Coffee	coffee	high
Handy Family Div 1	null	high
Hangang Inc	korean	low
Happiest Hour Llc	bar	medium
Happy Greens Cafe	salad	medium
Happy Lamb Hot Pot, Plano	chinese	high
Happy Mango Llc	null	medium
Hard 90 Sports Bar And Grille	sports-bar	high
Hard Rock Cafe Dallas	new-american	medium
Hard Sun Incorporated	null	high
Hard-mire Restaurant Holdings Llc	null	high
Hardy's Auto Care	null	high
Haroldschickendallas	chicken	medium
Harris Permit Svc	null	high
Harris' House Of Heroes	deli-sandwiches	medium
Harry's Cafe	cafe	medium
Harry's at the Harbor	null	low
Hartline, Inc	null	high
Hartnett Commercial Inc	null	high
Hartnett Restaurant Ventures, L.p	null	high
Harvest Chinese Restaurant	chinese	high
Harvest Hall	food-hall	medium
Harvest Street Cafe	cafe	medium
Hattie B's Hot Chicken - Dallas - Deep Ellum	chicken	high
Hattie Marie's Texas Style Bbq & Cajun Kitchen	barbecue-classic	high
Haunted Castle Cafe	cafe	medium
Hav R Burger	burgers	high
Hayes & Stolz Industrial Manufacturing Company, Ll	null	high
Haystack Turtle Creek Llc	null	medium
Hbbq Chicken Inc	chicken	medium
He Wines She Dines	wine-bar	medium
Head Huncho’s Good Eat’s	null	low
Heads or Tails Crawfish	cajun-creole	high
Healthy & Delicious	null	low
Healthy Bowls	bowls	high
Healthy Bowls By Furlough Brothers	bowls	high
Healthy Corner	null	low
Healthy Fun, Llc	null	high
Healthy Living Ventures Llc	null	high
Heart & Seoul Enterprises, Llc	korean	medium
Heelz Kitchen Cafe	cafe	low
Heidi Lou’s Mexique	mexican	medium
Heim Barbecue	barbecue-classic	high
Heimbaker's Market & Deli	deli-sandwiches	high
Heirloom Haul	null	low
Helen's Investment Property Llc	null	high
Hemani Wireless Inc Dba Wireless Connection	null	high
Hendrix Hill	null	medium
Hendy's on Henderson	null	medium
Henry's Majestic	null	low
Henry's Majestic Llc	null	low
Hera's Kitchen	greek	low
Herb & Ember 	new-american	low
Herb N' Kitchen	null	low
Herencia Texican Restaurant Southlake Llc	tex-mex	high
Herrera’s Tex-mex	tex-mex	high
Herys Hot Chicken and Seafood	chicken	high
Hetsel Restaurant Group Llc	null	high
Hh & M Investments, Inc	null	high
Hh Restaurant Holdings Lovers Llc	null	high
Hhk Smile Corporation	null	high
Hibachi Mami	japanese	high
Hibachi PHO 99	vietnamese	medium
Hibachi Rock Restaurant and Club	japanese	high
Hibachi Streetfood	japanese	high
Hibbs Hallmark & Co	null	high
Hickory Tree Llc	null	medium
Hide	cocktail-bar	low
Hideout	null	low
Hielan Restaurant Group, Lp	null	high
High Fives Dallas	null	low
Highfills at Eagle Mountain Lake	null	low
Highlands Top Dawg Restaurant, Llc	null	low
Hillman's Shave Ice	dessert	medium
Hillside Prime	steakhouse	medium
Hillside Tavern Llc	bar	medium
Hillstone	null	low
Himalayan Mart Llc	indian	low
Himalayan Spice Frisco	indian	medium
Hitchin Post Sports Bar And Grill Llc	sports-bar	high
Hiwot's Injera & Spices	ethiopian	high
Hj&hj Inc	null	high
Hk & Ew Investments Inc	null	high
Hls Restaurant Corporation	null	high
Hmp Inc.	null	high
Hnb Gourmet	null	medium
Hnn Enterprise, Inc	null	high
Hoda Aljm Restaurant Services Inc	null	medium
Hoff 20, Llc	null	high
Hofmann Hots	fast-food	low
Hokkaido Sushi AYCE	sushi	high
Holloway Good Eats	null	low
Holy City Hospitality, Llc	null	high
Holy Rollers BBQ	barbecue-classic	high
Homans&amp Associates Wealth Management Llc	null	high
Home Again Fire Restoration and Remodeling	null	high
Home Kabob Llc	middle-eastern	medium
Home Plate at Texas Rangers Golf Club	null	low
Homestyle Dining Llc.	comfort-food	low
Hometown Cafe	cafe	medium
Homewood Restaurant	null	medium
Honey Bee's Inc	null	low
Hong Kong Star	chinese	high
Hongyun Oriental Gourmet Inc	chinese	medium
Hood County Attorney-criminal	null	high
Hood County Environmental Health	null	high
Hood County Personnel Department	null	high
Hood County Precinct 2 Constable’s Office	null	high
Hood County Precinct 3 Constable’s Office	null	high
Hood County Precinct 4 Constable’s Office	null	high
Hood County Purchasing Department	null	high
Hood County Tax Assessor-collector	null	high
Hood County Veterans Service Officer	null	high
Hoodz Of North Dallas	null	high
Hook & Ladder Pizza Co.	pizza-classic	high
Hooks on Lake Grapevine	seafood-classic	low
Horizon 76 Grille Llc	null	medium
Horney Toad Bar	bar	medium
Horny Toad Cafe & Bar	bar	medium
Horseman Club	null	low
Hospitality Inspirado Llc	null	high
Hot Chicks Nashville Hot Chicken	chicken	high
Hot Chocolates	chocolate	medium
Hot Rodz Diner, Llc	diner	high
HotBox by Wiz Khalifa	null	low
Houghton Development Inc	null	high
Hours Associates, Inc. Dba Usi Design &amp	null	high
House To Home Plans Llc	null	high
House of Brew	coffee	low
House of Toro DFW	null	low
Howdy Catering Llc	null	medium
Howdy Cow	burgers	low
Hp Club Partner, Llc	null	high
Hr Coffey Llc	null	high
Hs Retail And Food Inc	null	high
Hsi Investments Llc	null	high
Huck's Catfish	seafood-classic	high
Huge American Restaurant	new-american	low
Huge Guyzz Kitchen	null	low
Hugo	null	low
Hugo's Invitados	mexican	medium
Hulen Cr Of Ft. Worth Inc	null	high
Hump's BBQ	barbecue-classic	high
Humperdinks Texas, Llc.	brewpub	low
Hunan Chef 湘遇 (Carrollton)	chinese	high
Hunan Dynasty	chinese	high
Hunan Restaurant	chinese	high
Hungry Tummy	null	low
Hunt County Jail	null	high
Hunt County Oil Co Inc	null	high
Huntington Restaurant In	null	medium
Hurst Froyo Llc	ice-cream	high
Hyderabad House Little Elm	indian	high
Hyderabad Junction Northlake	indian	high
Hydrotech Engineering Inc Dbaje &amp Assoc Iates	null	high
Hyer Velocity Inc	null	high
I Fratelli Pizza	pizza-classic	high
I Fratelli Pizza One Lp	pizza-classic	high
I H Enterprieses Inc	null	high
I-20 Hospitality Lp	null	high
IBY Restaurant	null	medium
IL Sole Restaurant and Wine Bar	italian-classic	medium
INDI	null	low
Ice Snack Shack	dessert	low
Icebox Cafe at Dallas Fort Worth International Airport	cafe	medium
Ida V’s Smoke Palace	barbecue-classic	medium
Idm Tooling Llc	null	high
Igloos Frozen Drinks	dessert	medium
Ii Creeks Burger Crowd Lp	burgers	high
Iicorp	null	high
Imap Acq, Llc	null	high
Imoto Dallas	japanese	medium
Impact Finishing, Inc. Dba Impact Stampi Ng	null	high
In The Cut Cafe	cafe	low
In-Sir-Zhay	null	low
InSo | Las Colinas	null	low
Ina'z Kitchen	null	low
Inaa Restaurants	null	medium
Inca's Cafe	peruvian	medium
Indian Dhaba	indian	high
Indigo Enterprise	null	high
Indigo Hospitality	null	high
Indo European Foods	indian	low
Indochine	vietnamese	medium
Indori Spice	indian	high
Indus Social(InSo)	indian	low
Infinit Men's Health Clinic - Fort Worth	null	high
Ingram Unlimited Llc	null	high
Inhome Genius	null	high
Ino Japanese Bistro	japanese	high
Inside The Gem Llc.	null	high
Inspire School Programs	null	high
Inspired Treats by Trina	dessert	medium
Insulfab, Division Of Concote Corporation	null	high
Insurance Shack, Llc	null	high
International House of Pancakes	breakfast	high
Into My Garden Tea Room	tea-house	high
Iron Horse Bar and Grill	bar	medium
Irving Pizza One Inc	pizza-classic	high
Isabella Restaurant	null	medium
Isabelle's	null	high
Isamare Beverage Inc	null	medium
Isenberg Bath Corporation	null	high
It's Food	null	medium
Italian Bistro Plano	italian-classic	high
Italian Village Plano	italian-classic	high
Italian restaurant Express Tin Top	italian-classic	high
Izalco	null	low
Izkina Restaurant & Lounge	null	low
J & S Pizza Inc	pizza-classic	high
J C S Sandwich Shop	deli-sandwiches	high
J Camp Wisdom Restaurant, Llc	null	high
J H Bull Daddy Inc	null	high
J Illinois Restaurant Llc	null	high
J Peal Hospitality Llc	null	high
J Samuell Restaurant, Llc	null	high
J Squared Enterprises, L.l.c	null	high
J&f And Sons Llc	null	high
J&m Hospitality	null	high
J&srestaurant Group, Llc	null	high
J&y Plaza Inc	null	high
J00S Marta	null	low
JDs Food Box	null	medium
JJ Fish & Chicken	seafood-classic	medium
JOEY Dallas	null	medium
JOEY Maple	null	medium
JUICY Dumplings	chinese	medium
JW Steakhouse Dallas	steakhouse	high
Jack Bites	null	low
Jack Duggins	null	low
Jada Hospitality, Inc	null	high
Jai Balayya Bandi (Indian Food Truck)	indian	high
Jaimes Bistro	null	medium
Jalapeno's Mexican Grill	mexican	high
Jalapenos Mexican Restaurant	mexican	high
Jalepeno Taco, Llc	tacos	high
Jamaica Best Jerk Center	caribbean	high
Jamba Grill	null	low
Jambo's Bbq Shack	barbecue-classic	high
James And Linda Chow Inc.	null	medium
James May, Inc	null	high
James Provisions	null	medium
Jan A Blaha Dba Rockwall Aesthetic Center	null	high
Janata Garage	null	low
Jarochos Mexican Kitchen	mexican	high
Jasa, Llc	null	high
Jasmine Mediterranean Cuisine	mediterranean	high
Jasmine Thai Restaurant	thai	high
Jason's Deli	deli-sandwiches	high
Javelina Market	null	low
Jay Yogeshaw, Inc	null	high
Jb Kinzel Enterprise	null	high
Jb Manzanares Inc Dba Mama Mia Pizza & Pasta	pizza-classic	high
Jb Restaurant Group Llc	null	high
Jbas Enterprises, Inc	null	high
Jbm Specialties, Llc	null	high
Jbozco And Associates, Llc	null	high
Jbt Pizza Inc	pizza-classic	high
Jc Partners Association Llc	null	high
Jd Mesquite Dental Pllc	null	high
Jean Ranch Grill	null	medium
Jediy Hospitality Llc	null	high
Jeff Baird Insurance Agency, Llc	null	high
Jefferson Restaurant Llc	null	high
Jellico's	null	medium
Jem Park Llc	null	high
Jeneveins	null	high
Jennifer Enterprises Inc	null	high
Jennings Bistro	null	medium
Jerky Jr's	null	low
Jerky.com	null	low
Jes Enterprises, Inc. Dba Plan Factory	null	high
Jesus Bbq	barbecue-classic	high
Jetts	null	medium
Jewelry Mall	null	high
Jhr Basswood Restauants Llc	null	high
Jia Asian Bistro	pan-asian	high
Jiah Golden Investment Inc	null	high
Jiffy Laundry Mat	null	high
Jil Est	null	high
Jim Jones Insurance Agency Llc	null	high
Jimmy Jacks	null	medium
Jin Korean Bbq	korean	high
Jj Deli Inc	deli-sandwiches	high
Jk Chocolate	chocolate	high
Jk Terrell, Llc	null	high
Jmat Technologies	null	high
Jmc Restaurant Distribution	null	high
Jmlc Enterprises Llc	null	high
Jmr Enterprises Inc	null	high
Jmy Family Inc Dba Donut House	donuts	high
Jo International Food Group Inc	null	medium
Joaquin And Sons Restaurant Group Llc	null	high
Jocey's BBQ sunset Texas	barbecue-classic	high
Joe's NY Style Pizza at Amici	pizza-classic	high
Joe's Pizza and Italian Grill	pizza-classic	high
Joe's Seafood	seafood-classic	high
Joemakin	null	high
Joes International Restaurant	null	medium
Joes Mexican Texmex	tex-mex	high
Joey’s Resturant	null	medium
Joey’s Steak Wings & Waffles LLC	comfort-food	medium
John And Chenin Myers Llc	null	high
John Family Ix Ltd	null	high
John Ngo Investments Inc	null	high
John's Place	null	high
Johnny Carino's	italian-classic	high
Johnny Kuo Investments Llc	null	high
Johnny's Seafood	seafood-classic	high
Jomsom Thakali Kitchen	indian	low
Jon Lindsay Mgmt Co Llc	null	high
Jonathan Kuipers Pllc	null	high
Jordan E Sen Limited Liability Company	null	high
Jorges Taqueria II	tacos	high
Jowdy’s Fish Castle & Daq Shaq	seafood-classic	medium
Joy Kitchen	null	medium
Joyce & Gigi's Kitchen	null	medium
Jr 287 Mansfield Restaurants Llc	null	high
Jr Beach St Restaurant Llc	null	high
Jr Camp Bowie Restaurant Llc	null	high
Jr Central Expy Mckinney Restaurant Llc	null	high
Jrd Little Elm Restaurant Llc	null	high
Jrh Lewisville 1 Restaurant Llc	null	high
Jrh Live Oak Restaurants Llc	null	high
Jrs Steak And Grill	steakhouse	medium
Jsk Operations Management, Inc.	null	high
Jspn Inc	null	high
Jss Restaurant Group Lp	null	high
Jtd Associates Llc	null	high
Jube's Smokehouse & More	smokehouse	high
Jubilee Mortgage Lending	null	high
Juicy Pizza Llc	pizza-classic	high
Juju's Wings and Daiquiri	wings	high
Julia A Williams Dba Corner Stone Learning Center	null	high
Julia Pearl Southern Cuisine	southern	high
Jumping Dogs Inc D/b/a Certapro Painters	null	high
Jumpstreet	null	high
Jungle Burger	burgers	high
Jungle Cafe	cafe	medium
Juni International Group Inc	null	high
Juniper Kitchen	null	medium
Justasportsbar Inc	sports-bar	high
Jyjd Inc	null	high
K Town Food Court	korean	low
K&amp L Spa Services	null	high
K&c Capital-allen Lp	null	high
K&kate's Inc	null	high
K-Bob's Steakhouse	steakhouse	high
K-Garden	null	low
K-belle Pifu Corporation	null	high
KIN PHO	vietnamese	high
KISS	null	high
KT3 Eats Catering	null	low
KUN Rolling Pot	chinese	medium
Kaba, Inc	null	high
Kailash Parbat	indian	high
Kairav Inc Dba Discount Cigarettes And Tobacco Shop	null	high
Kaka Biryani	indian	medium
Kamee	null	high
Kamran Foods Llc	null	medium
Kang & Na Investments Inc	null	high
Kang, Dds, Pa	null	high
Kangann Inc Dba Nori Sushi	sushi	high
Kanny's Restaurant and Lounge	null	medium
Kao Shen Inc	null	high
Kaptrantzas Enterprises Llc	null	high
Karibu Cooking	west-african	low
Karmma & Kocktails	cocktail-bar	medium
Kathleens Art Cafe At Lakeside	cafe	medium
Kathmandu Kitchen Llc	indian	low
Kathy's Choice Catering	null	medium
Katin Corp	null	high
Katsu Omoi	japanese	high
Kaur Insurance Service	null	high
Kava Partners Llc	null	medium
Kay's Cookiez	bakery	medium
Kay's Kitchen	null	medium
Kearney's Feed Store, Llc	null	medium
Keep Weight Off, Nadia Malik, Md	null	high
Kelberg Associates Inc	null	high
Keller's Drive-In	burgers	medium
Kemi's Kitchen	null	low
Kennington Oxford Management Llc	null	high
Kenny B's Authentic Italian Beef	deli-sandwiches	medium
Kenny's Burger Joint, Llc	burgers	high
Kennys East Coast Pizza Llc Ppp	pizza-classic	high
Keren's Food	null	medium
Kernan Law Firm P.c	null	high
Kes Spicy 9ja Suya Spot	west-african	high
Kess Management Corporation	null	high
Keto Kitchen Creations	gluten-free	low
Kettle Restaurant	diner	low
Keys Hotfood	null	low
Khalsa Inc	null	medium
Khao Restaurant Group Llc	thai	medium
Khatib & Zubi Holdings, Corp	null	high
Khl Restaurant Views Inc	null	high
Khun sai chol เขื่อนสิรินธร	thai	high
Kihana Sushi & Pan-Asian Cuisine	sushi	high
Kiku Fusion Inc	japanese	medium
Killer Crab Express	crab-house	high
Killer Pecans	dessert	low
Kilomok	null	high
Kim & Lee Holdings Inc	null	medium
Kim Gwang Tae Corp	korean	low
Kim San Wok Inc	chinese	medium
Kim T Van Dmd Ii Pa	null	high
Kimora's chicken fish & more	chicken	medium
Kincaids	null	low
King China & Sushi	chinese	high
King Kirby & Company Llc	null	high
King Of Kabab	middle-eastern	medium
King Wok	chinese	high
King's Catering and Party Hall	null	medium
Kingdom Chasers, Inc	null	high
Kings Of Wings	wings	high
Kirin Court	chinese	medium
Kisa Direct Inc	null	high
Kitchen 1924	null	medium
Kitchen Lto At Trinity Groves	new-american	low
Kitchen United Mix Inside Kroger	food-hall	medium
Kitchens @ the Kourtyard	null	medium
Kittu Foods Llc	null	high
Kj's Kitchen	null	medium
Kk Business Group Llc	null	high
Kms Qureshi Enterprises Llc Dba Charley's Grilled Subs	deli-sandwiches	high
Knmp Business Group Limited	null	high
Kobe Steak Of Texas Inc	japanese	medium
Kobe Steaks	japanese	medium
Kolben Food Gallery	null	low
Komn Enterprises Llc Dba Ad Nails	null	high
Komodo Dallas	null	low
Komé Sushi and Handroll Bar	sushi	high
Konaseema Ruchulu	indian	medium
Kooil America Inc	null	high
Kool Kones Llc Shaved Ice And Treats	ice-cream	medium
Korean Garden Restaurant	korean	high
Kozy Kitchen	null	low
Kps Daiquiris & Eats 	bar	medium
Krab Kingz Seafood Fort Worth	seafood-classic	high
Krasniqi Company Llc	null	high
Krave Haven	null	low
Krisp Kitchen	null	low
Kristal Restaurant DFW	null	low
Krystals Corporate Catering Lc	null	low
Kse Associates Llc	null	high
Kse Inc	null	high
Kuco U Llc	null	high
Kuhn Entertainment, Inc	null	high
Kume Hibachi & Ramen Express	ramen	medium
Kuppkone, Inc. Dba Marble Slab Creamery	ice-cream	high
Kustard Kraze	ice-cream	medium
Kyl International Llc	null	high
Kyoto Hibachi Sushi & Bar	sushi	high
Kyras Mequite	null	low
L & V Partnership A Texa Llc	null	high
L&L Soul Food and More	soul-food	high
L&a Restaurant Holdings Llc	null	high
L.m.s. International, Inc	null	high
LARK on the Park	new-american	low
LAW Restaurant at The Las Colinas Resort, Dallas	new-american	low
LC Kitchen	null	low
LEE’S Kitchen	null	low
LMS Associates	null	low
LOCO Nanny's FRUIT STAND	juice-smoothie	low
La Bendicion	latin-american	low
La Botana	mexican	medium
La Botanita	mexican	medium
La Campiña Salvadoreña	latin-american	high
La Casa De Mama	mexican	medium
La Casa Del Taco	tacos	high
La Casa Snack Shop	null	low
La Casa de la Abuela 345	mexican	medium
La Cocina de Amelia	mexican	medium
La Cocinita De Rosita	mexican	medium
La Conga	cuban	low
La Creme Coffee & Tea	coffee	high
La Duni North America Lp	latin-american	medium
La Duni Restaurants Operations, Llc	latin-american	medium
La Finca	mexican	low
La Hacienda Ranch	mexican	medium
La Hechizera Tortas	mexican	high
La Isabela	null	low
La Isla Farmers Branch	latin-american	low
La Llorona Sports Bar	sports-bar	high
La Loteria Fruteria LLC	mexican	medium
La Madeleine Country French Cafe	french	high
La Marmite - African Restaurant	west-african	medium
La Media Naranja	latin-american	low
La Merced Tacos	tacos	high
La Mesa	mexican	medium
La Mesa de mi Rancho	mexican	medium
La Mexicana Meat Market	mexican	high
La Michoacana	ice-cream	medium
La Michoacana Premier Ice Cream	ice-cream	high
La Milpa Mexican Restaurant	mexican	high
La Mina	null	low
La Nueva De Zacatecas	mexican	medium
La Oveja Negra Sweets Bar	dessert	medium
La Paloma En Garland	mexican	low
La Pantera Tacos y Mas	tacos	high
La Perla Bar	bar	medium
La Pesca	seafood-classic	medium
La Pinata Fruteria Y Antojitos #2	mexican	high
La Playa Maya Restaurant	mexican	medium
La Pradera Mexican Restaurant	mexican	high
La Prisión Latin Bar & Grill	latin-american	high
La Queen Potato	null	low
La Roca Grill	mexican	low
La Trailita Catracha	latin-american	medium
La bendición	latin-american	low
La cocina de Claudia	mexican	medium
La mesa familiar	mexican	medium
LaPerle Restaurant & Bar	null	low
Labodega's Authentic Latin Cusine	latin-american	high
Ladydi's Potatoes	null	low
Laguna Coffee & Tea	coffee	high
Lake Forest Pizza Llc	pizza-classic	high
Lake Granbury Honey	null	low
Lake Highlands Creamery	ice-cream	medium
Lake Kiowa Lodge	null	low
Lake Worth Fourth Watch Llc	null	low
LakeSide Cafe	cafe	medium
Lakeside Craft Kitchen	new-american	low
Lakeview Tavern & Grill	bar	medium
Lala Land Cafe 5626 Llc	cafe	medium
Lalaland Cafe 5626 Llc	cafe	medium
Lancaster Seafood Inc	seafood-classic	high
Land Shark Bar And Grill	bar	medium
Landmark Grill	null	low
Lans Partners Limited Liability Company	null	low
Larry's Lunchbox	null	low
Larry's Q	barbecue-classic	medium
Las Colinas	null	low
Las Gueras Restaurant	mexican	medium
Las Isla Del Encanto	caribbean	medium
Last Call Operating Co1 Inc.	null	low
Last Line Pubs Llc	pub	medium
Lavender House Restaurant, Lounge And Tea Room	tea-house	medium
Lavish Lix Snowcones	dessert	medium
Law Offices Of James S. Johnson	null	high
Lay's	null	low
Layalina	middle-eastern	medium
Lazare Bar And Restaurant	bar	low
Lazy Daisy Coffee Bar, Llc	coffee	high
Lazy Dog Restaurant & Bar	new-american	medium
Le BEEF Steak Frites	steakhouse	high
Le Cep Restaurant, Inc.	french	medium
Le Duff America, Inc.	null	low
Le Petit Bistro	french	medium
Lee Harvey's, Inc.	null	low
Leeper Creek Bbq Llc	barbecue-classic	high
Legacy Dunhill Investors Llc	null	low
Legacy Hall	food-hall	medium
Legacy Isp Llc	null	low
Legacy Restaurant Group Ltd	null	low
Legacy Retail Ltd	null	low
Legacy Wok	chinese	high
Lemans Corporation	null	low
Lemmon Drop Coffee Co	coffee	high
Lena Maes Country Cafe	southern	medium
Leo L. Konermann, Dvm. Pc	null	low
Les Jardines Ii Llc	null	low
Lettuce Indulge	salad	low
Letty’s Mexican Restaurant	mexican	high
Leverett Investments, Inc	null	low
Lh Burger Crowd Lp	burgers	high
Liam Nguyen Agency Llc	null	low
Liberty Deli	deli-sandwiches	high
Liberty Noodles	pan-asian	medium
Lil Mama's Bar-B-Que	barbecue-classic	high
Limbu Kitchen	null	low
Limerick's Sandwich Junction	deli-sandwiches	high
Limitless Connections, Inc	null	low
Limj Restaurant Group	null	low
Lincoln Cafe	cafe	medium
Linda K. Mcgranahan Dba Ballard Street Cafe	cafe	medium
Lindsay Paige Ellis Dba Lindsay Ellis Insurance	null	low
Lins Kitchen Inc	chinese	low
Lions Den	null	low
Liquor King Llc	null	low
Liquor Zone Lp	null	low
Lisha's homecooked plates LLC	comfort-food	medium
Lita Restaurant Group Inc	null	low
Litehouse Whole Food Grill	null	low
Little Germany Restaurant	german	high
Little Joe's Farmstead	null	low
Little Kaiping	chinese	medium
Little Michaels Inc	null	low
Little Store And Kitchen	null	low
Little Tree Learning Center Inc	null	low
Little india™	indian	high
Live Easy Llc	null	low
Lizzys African Market 	west-african	low
Local Favorite Restaurants	null	low
Local Foods Kitchen	new-american	low
Lochita's Tamale	mexican	high
Lockwood Distilling Company - Magnolia	distillery	high
Lola's Kitchen	null	low
Lolas Iv	null	low
Lolita's Mexican Cuisine	mexican	high
Lolo's Mwd Llc	null	low
Londoner	british	medium
Lone Fork Kitchen & Tap	new-american	low
Lone Star Cooking	southern	low
Lone Star Food Plano Tx Llc	null	low
Lone Star Foods Tx Llc	null	low
Lone Star Jerky	null	low
Lone Star Loaders, Inc. Dba Fantastic Moves	null	high
Lone Star Steakhouse / Texas Land & Cattle	steakhouse	high
Lone Star Wings No Five	wings	high
Lonestar Beverage	null	low
Lonestar Initials Llc	null	high
Long Star Burger Shack	burgers	high
Longhorn Bar-b-q & Catering	barbecue-classic	high
Longhorn Vapor Llc	null	high
Look Dry	null	high
Loop	null	high
Lorlyn, Inc. Dba Right At Home Mid-cities	null	high
Los Abuelo's Restaurant & Bar	mexican	medium
Los Cantaritos	mexican	medium
Los Cocos Locos Sports Bar and Seafood	seafood-classic	medium
Los Dominiqueños Food Truck LLC	caribbean	medium
Los Jimadores Tex Mex Tequila Factory	tex-mex	high
Los Juanitos Mexican Food	mexican	high
Los Kompadres Restaurant	mexican	medium
Los Lupes Enterprises	null	low
Los Lupes Mexican Restaurants	mexican	high
Los Molcajetes	mexican	high
Los Patrones Authentic Mexican Food	mexican	high
Los Pollos	chicken	medium
Los Primos Tex Mex	tex-mex	high
Los Tres Taqueros	tacos	high
Los2Regios	mexican	low
Losdos Hermanos Cocina Latina	latin-american	high
Lost Dojo Asian Fusion	pan-asian	high
Lotsa BBQ N Bakery	barbecue-classic	high
Loubel Inc	null	high
Louie's Lunch	null	low
Louisiana Famous Fried Chicken- Irving TX	chicken	high
Lounge Restaurant and Bar	bar	low
Love Bowls	bowls	high
Love Management Inc	null	high
Love and War in Texas	southern	low
Lovejoys On Main	null	medium
Ls & Partners At Tx, Llc	null	high
Ls Restaurant Management, Llc.	null	high
Lse1515llc	null	high
Lssc Investments, Llc	null	high
Lubys Bedford	comfort-food	medium
Lubys Cafeteria	comfort-food	medium
Lucas Restaurant Corporation	null	high
Lucky Dhaba Indian Restaurant	indian	high
Lucky Gold Ii Llc	null	high
Lucy's Yard	null	high
Luis Foods Inc	null	medium
Luna De Noche	mexican	medium
Luna Grill	mediterranean	medium
Lundquist Financial Llc	null	high
Lundquist Insurance Services Llc	null	high
Lupe's Tex Mex Restaurant And Cantina, Inc	tex-mex	high
Lupes Tex-mex Restaurant & Grill Inc	tex-mex	high
Lupita Cafe 2	mexican	low
Lync Experience, Inc	null	high
Lynda Dao Od, Pa	null	high
Lynn Laboratories, Inc	null	high
M & S Auto Sales	null	high
M Baig Companies	null	high
M Crowd Restaurant Group Inc	null	medium
M Crowd Restaurant Group, Inc.	null	medium
M Donut Shop	donuts	high
M Islam K S Dhaliwal Ps Dhillion	null	high
M&M African Kitchen & Bar	west-african	low
M&a Food Hospitality Llc	null	medium
M&p Advisors Llc	null	high
MAPS Academy	null	low
MG's Burgers	burgers	high
MGM Grocery and Grill	null	medium
MGM Nutrition & Delights	juice-smoothie	low
MI TACO	tacos	high
MJ BBQ	barbecue-classic	high
MK's AFRICAN CUISINE & BAR	west-african	low
MOE'S Burger's and MOORE	burgers	high
MOM DUKES Philly cheesesteaks	deli-sandwiches	high
MOMO Nation	indian	low
MYNAA KITCHEN FRISCO	null	low
Ma Crêpe	french	high
Mabel's African Cuisine & Bar	west-african	low
Mac & Teds Lighthouse Ltd	seafood-classic	low
Mac's Place	null	medium
Mac's Snacks	null	medium
Macd Llc	null	high
Macklin's Catering Co.	null	medium
Macs & Stacks	comfort-food	low
Macs & Stacks - Allen	comfort-food	low
Macs American Grille	new-american	medium
Mad For Chicken Carrollton	chicken	high
Madurai Thattu Kadai	indian	high
Maestro's	null	medium
Magarin's Restaurant Group, Llc	null	high
Maggiano's Little Italy	italian-classic	high
Maggie Moos Icecream Treatery	ice-cream	high
Magic Building Service, Inc	null	high
Magic Wave	null	high
Magnolia Cafe & Bakery	bakery	medium
Magnolia Chicken, Llc	chicken	medium
Magnolia Pub Llc	pub	high
Maguire Restaurant Holdings I Lp	null	high
Maguire Restaurant Holdings, Lp	null	high
Maha Trading Llc	null	high
Mai Colachi BBQ & GRILL	pakistani	medium
Mai Eats Lao Kitchen and Tropical Juice Bar	thai	low
Main Event Grapevine	null	medium
Main Street Emporium Llc	null	high
Main Street Processing	null	high
Majestic Fine Wines & Spirits	wine-bar	low
Malaav Business Llc	null	high
Mama B's International Kitchen	null	medium
Mama Fu's Asian House	pan-asian	high
Mama Gina's	italian-classic	medium
Mama Rosa	italian-classic	low
Mama S Daughters Diner	diner	high
Mama Stine's Cafe	cafe	medium
Mama's Kitchen Korean Restaurant of Frisco 한식 & 반찬 전문점	korean	high
Mama's Mac & More LLC	comfort-food	medium
Mamas Boys Of The West Inc	null	medium
Mamas Pizza Keller	pizza-classic	high
Mambo Dallas	latin-american	low
Mana Adda Indian Kitchen	indian	high
Manchale Indian Restaurant and Bar	indian	high
Mandalay Canal Event Center Llc	null	medium
Mandell Family Ventures, Llc	null	high
Mandi, Traditional Food of Yemen	middle-eastern	high
Mango Master	juice-smoothie	low
Manhattan Eats	null	medium
Mannat Food Inc	null	medium
Mannys Tex Mex Grill	tex-mex	high
Mansaf House	middle-eastern	medium
Mansamusa Keller Inc	null	low
Manuel's Creative Cuisine	null	low
Maplewood Club	null	low
Marakanda Grill	eastern-european	low
Marandus Investments, L.l.c	null	low
Marble Mountain Llc	null	low
Marco Antonio's	null	low
Marcos Tacos	tacos	high
Margaret's	null	low
Margaritas RANCH	mexican	medium
Margaritas To Go	bar	low
Maria Martinez Enterprise	null	low
Maria's Cafe	null	low
Mariah's Cookies	bakery	medium
Marie's Kitchen	null	low
Marie's Mantle	null	low
Marietta Kling Inc	null	low
Marina Jack Llc.	null	low
Marisco El Primo	seafood-classic	high
Mariscos Cortez	seafood-classic	high
Mariscos El Barco	seafood-classic	high
Mariscos La Marina	seafood-classic	high
Mariscos La Perla Restaurant	seafood-classic	high
Mariscos Northwest Hwy, Inc	seafood-classic	medium
Mariscos Playa Miramar LLC	seafood-classic	high
Mariscos Playa Miramar Llc	seafood-classic	high
Mariscos Sonora	seafood-classic	high
Market Latina Restaurant	latin-american	high
Market Local Comfort Cafe	comfort-food	medium
Market Place	null	low
Marshmallow Fun Company	dessert	low
Martian Entertainment Group, Llc	null	low
Marugame Udon	japanese	high
Marvelice Sno Cones	dessert	medium
Mary Harokopus Llc	null	low
Mary Lou's Coffee And Sandwich Shoppe, Llc	coffee	medium
Marys In Mckinney	null	low
Masala Bowl	indian	high
Mashael And Sons Llc	null	low
Mason's Cafe 4	cafe	medium
Masteroot International Incorporated	null	low
Mateo's Taqueria	mexican	high
Matt's Group Llc.	null	low
Matt's Rancho Martinez	tex-mex	medium
Mattie Pearl's Kitchen	null	low
May's Eats	null	low
Maya's Modern Llc	null	low
Mays Sdi Of Dallas, Texas Inc	null	low
Mayuri India Restaurant	indian	high
Mazaa-e-Tadka	indian	medium
Mazumder And Son Llc	null	low
Mc Donald & Co	null	low
Mc Karen Industries	null	low
McCans Sonic Group	fast-food	medium
McFadden Group LLC	null	high
McFadden's	null	medium
Mcdaniel Three Group	null	low
Mcdermott Pizza Llc	pizza-classic	high
Mcdonalds Test	fast-food	medium
Mcgregor Restaurant Equipment	null	high
Mckaren Lp	null	high
Mcnamara Wise Guys Roanoke, Llc	null	low
Md Feature Llc	null	high
Md&amp L Llc	null	high
Mdj Roofing, Llc	null	high
Mdk Fort Worth Bnb, Llc	null	high
Mean Greens Cafeteria	null	low
Meat & Three Llc	southern	medium
Mebo Mbs2 Llc Dba Ediths Cafe Allen	cafe	medium
Medieval Times Dinner and Tournament	null	medium
Medina Grill Mediterranean Food	mediterranean	high
Mediterranean Restaurant Holdings Inc	mediterranean	medium
Meehan Sports Therapy & Pediatrics Pllc	null	high
Mega Restaurant Supply	null	high
Megamore, Inc	null	high
Meh-gul Business Inc	null	high
Melinda's Habanero Sauce	null	low
Melissa Restaurant Corporation	null	high
Melting Pot	new-american	low
Melting Pot - Allen, Texas	new-american	low
Memas Kitchen	null	medium
Menchie's Colleyville Frozen Yogurt	dessert	high
Meng Noy And Saing Sokun	null	high
Menrc Llc	null	high
Mensa Research And Education Foundation	null	high
Mercer Boardwalk	null	medium
Mercheds Group Inc	null	high
Merritt Restaurant Group	null	high
Mesa Sw Management Lp	null	high
Mesas Mexican Grill Llc	mexican	high
Mesquite Cpr	null	high
Mesquite Dynasty, Inc. Dba King Super Db A Dba King Super Bu	null	medium
Mesquite Independent School District	null	high
Metrotech Landscape, Llc	null	high
Metzler's Food and Beverage	null	medium
Mexicali Restaurant	mexican	high
Mexican Consulate Banjercito	null	medium
Mexican Gallery	mexican	medium
Mexican Inn Cafe	mexican	high
Mexican Restaurant	mexican	high
Mexico Lindo	mexican	high
Mexico Viejo Restaurant	mexican	high
Mezquitediningr	null	low
Mg Arts, Llc	null	high
Mg Retail Partners	null	high
Mi Chalate	latin-american	low
Mi Chula's Good Mexican Restaurant	mexican	high
Mi Lindo Roatan Mexican and Honduran Cuisine	latin-american	medium
Mi México Antojitos y snacks	mexican	high
Mi rincon latino	latin-american	high
Mi sazón Oaxaca restaurante	mexican	high
Mia Vino Winery	wine-bar	medium
Mia's Sports Bar & Grill Inc	sports-bar	high
Michael Hill	null	high
Michael J. Niederkorn, O.d., P.a	null	high
Michael Ray Ruegsegger Inc	null	high
Michael's Restaurant	null	medium
Micheladas El Azul Chelas y Mariscos	mexican	high
Micheladas el barbas	mexican	medium
Mico's Tacos	tacos	high
Midnight Star Eatery	null	medium
Midway Bar Company Llc	bar	medium
Mien Tay Restaurant	vietnamese	high
Mighty Grill Inc Dba Akaya Izakaya &amp Ramen	ramen	high
Migueleno Restaurant & Club	latin-american	medium
Miguels Bistro	null	low
Mija Barbecue	barbecue-classic	high
Mijas Taqueria	mexican	high
Mijo's Fusion	null	low
Mikado’s Sushi & Hibachi	sushi	high
Mike's Place	null	high
Mikes Drive In	fast-food	medium
Military Metal Art Inc	null	high
Military Restaurant Holdings Llc	null	high
Milk and Honey Kosher Market	israeli	low
Milkshake Llc	dessert	low
Millennium Entertainment, Inc	null	high
Millennium Skateland	null	high
Miller Pecans	null	medium
Millo's Latin Food	latin-american	high
Mills Family Restaurant Consultants	null	high
Milrose Restaurant Group Llc	null	high
Minced Meal Prep	null	medium
Mind Body And Pole Fitness Studio	null	high
Miner Health Solutions, Inc	null	high
Mingtaiinc	null	medium
Mini Coop's Cafe	cafe	medium
Minnovagroup2 Llc	null	high
Minute Suites DFW Terminal D	null	high
Mio Nonno Trattoria	italian-classic	high
Misk Business Inc	null	high
Miss Omelet Llc	breakfast	high
Mission Possible Kids	null	high
Mississippi One Stop Shop	null	high
Mistry Hotels Llc	null	high
Mitchell Distributing	null	high
Mitra Midwest Operations, Llc	null	high
Mitra Qsr Kne, Llc.	null	medium
Miura - Dallas	japanese	low
Mix & Mac Kitchen	comfort-food	medium
Mixxed Daiquiri Express	bar	medium
Mj Babb, Pc	null	high
Mk Food Market Inc	null	medium
Mkp Consultants Ltd	null	high
Mlc Food Inc	null	high
Mmm Saya Corporation	null	high
Mn Victory Venture Llc Dba Mio Nonno Victory	italian-classic	medium
Mo THAI	thai	high
Mo' Bettahs Hawaiian Style Food	hawaiian	high
MoMo Bros	indian	low
MoMo Express	indian	low
MoMo Spot	indian	low
MoMo To Go	indian	low
Mockingbird Cafe & Grill	cafe	medium
Modest Rogers Kitchen And Bar	null	low
Moe’s Gyro (Gyros and Wings)	greek	medium
Mogio's Gourmet Pizza	pizza-classic	high
Mokah Coffee Bar	coffee	high
Molina Restaurant Corporation	null	low
Molina’s Mexican Restaurant	mexican	high
Momo Circle	indian	low
Momo Grill	indian	low
Momo Pasa USA	indian	low
Momo2Go	indian	low
Mona Lisa Pizza Ltd	pizza-classic	high
Monarch Business Equipment	null	high
Money Snack Shop	null	low
Mongolian Concepts Restaurant Group	pan-asian	low
Monique Enterprise, Inc. Dba Schlotzskys	deli-sandwiches	high
Monkey Cage #1 Inc	null	low
Monkey Connection, Llc	null	low
Monrovia Lounge	bar	low
Montecito's	null	low
Montfort Dr. Taqueria, Inc	tacos	high
Monzer N Investments Llc	null	high
Moon Wok	chinese	high
Moon's Fried Chicken Cafeteria	chicken	high
Moonbowls (healthy Korean Bowls- Commerce St)	korean	high
Moonrise Lake Lounge	bar	low
Moore Trusted Freight Solutions	null	high
Mooyah Burgers, Fries And Shakes	burgers	high
Mooyah Franchise, Llc	burgers	medium
Moreb By Lesley	null	low
Morgan Marshall	null	high
Morning Edition	breakfast	low
Morton's The Steakhouse	steakhouse	high
Motopia	null	high
Motor City Smoothies Ii Llc	juice-smoothie	high
Mount Everest Grill and Bar	indian	medium
Mountain House, Inc	null	low
Moxies Plano Restaurant	null	low
Mozambik Westgate	portuguese	low
Mo’s World Famous Eatery	null	medium
Mr Blackwell’s Smoke Ring Bbq	barbecue-classic	high
Mr Jims	pizza-classic	medium
Mr. Beast Burger	burgers	high
Mr. Philly	deli-sandwiches	high
Mr. Po'boys	cajun-creole	medium
Mr. Subs 	deli-sandwiches	high
Mr.Coco Taqueria 	tacos	high
Mr.Wish_Carrollton	tea-house	medium
Mrs. Shiva, Inc	null	low
Mrt Hospitality Llc	null	high
Msa Sons Familia Corp	null	high
Msq Frog Llc	null	high
Mssm Inc Dba	null	high
Mtq Ltd Llp	null	high
Mudbug All In Fun Llc	cajun-creole	medium
Multicook	null	low
Mun Kim Corporation Dba Baystreet Deli	deli-sandwiches	high
Murphy Pizza Llc	pizza-classic	high
Murphy's Deli	deli-sandwiches	high
Murphys Meadows, Fort Worth, Texas	null	low
Muscovado Bakery	bakery	high
Mustang Momo & Grill	indian	low
Mustang Wrecker Service, Llc	null	high
Mutabak Karak Texas	middle-eastern	medium
Mv Eyecare, Llc	null	high
Mwwp Holdings Llc Dba Johny B's	null	low
Mx Mama Cucas Llc	mexican	medium
My Balls	null	low
My Wall, Inc	null	low
MyLan Pho&Grill	vietnamese	high
Mycookieland	bakery	medium
Myli's SweEat Ice Arlington	ice-cream	medium
Mynaa Kitchen	null	low
NY Pizza Near Me	pizza-classic	high
Nabz Food Inc	null	low
Nacho Average Nacho Bar	mexican	medium
Nacho Bravo TX	mexican	medium
Nacho Business, Ft. Worth Tehama, Llc	mexican	medium
Naf Naf Grill	middle-eastern	high
Nags Kitchen	null	low
Nakabali Llc	null	low
Namaste Palace	indian	high
Namaste Restaurant	indian	high
Namaste Texas	indian	medium
Nan Future Llc	null	low
Nancy Fuentes Fairview Inc	null	low
Nandhini Indian Restaurant & Banquet Hall	indian	high
Nanglo Indian And Nepalese Restaurant	indian	high
Nanglo Restaurant and Bar at Arlington	indian	medium
Naomi’s Yum Yums	null	low
Napa Valley Grille	new-american	medium
Napoli's Pizza On The Go - Frisco	pizza-classic	high
Naseem Investment Group Llc	null	high
Nash’s Lounge	bar	medium
Nate's Raw Harvest	null	low
National Anthem	null	low
Nationwide Changer Service	null	high
Native Coffee + Kitchen	coffee	high
Nature's Source Plant Food	null	low
Nauti Restaurant Group, Llc	null	low
Nawabi Hyderabad House	indian	high
Nazary Enterprises, Inc. Dba	null	high
Nazca Kitchen	peruvian	medium
Ncy Services Llc	null	high
Ndp, Llc	null	high
Nearly Famous Burgers And Wings Food Truck	burgers	high
Negin Inc	null	low
Nehas Culinary Kitchen	null	low
Neighborhood Health Market	null	low
Nepali Chulo and Indian  Cuisine	indian	high
Neros Italian	italian-classic	high
Nestle Toll House Cafe	dessert	medium
Nevares, Inc	null	high
New And Jay Asian Fusion Llc.	pan-asian	high
New Beginnings Restaurant Group, Llc	null	high
New China Grille	chinese	high
New Convenant	null	low
New Generation Fcb	null	low
New Generation Wireless Llc	null	high
New Outlook Counseling And Wellness Center	null	high
New orleans real deal cajun food kitchen	cajun-creole	high
Newa Chulo	null	low
Newood Interests, Inc.	null	high
Newsom Investment Partners Llc	null	high
Ngon Bistro	vietnamese	medium
Nguyen Hung T Md	null	high
Nguyen Tuyet Mai Llc	null	medium
Nguyen Xuan Truong Llc	null	medium
Nguyen-hood Llc	null	medium
Nick-n-Willy's Pizza	pizza-classic	high
Nico’s MX Pizzeria	pizza-classic	high
Nike Taqueria	mexican	high
Nikos Cafe	greek	medium
Nineteen By Zanata	null	low
Ning’s Thai Lao Eats	thai	high
Ninja Legend Management Llc	null	low
Ninja Legend Plano Llc	null	low
Nkk Llc	null	high
Nl Consultants, Llc	null	high
Nl Restaurant Group Limited Liability Co	null	medium
Nmi Professional Staffing, Llc	null	high
Nmn Market Inc	null	high
No Doubt BBQ	barbecue-classic	high
No Frills Grill #4 Inc	null	low
No Name	null	high
Nooh	null	low
Nooner’s Deli	deli-sandwiches	high
Noor Cafe	middle-eastern	low
Norma's Burritos	mexican	high
Norma's Cafe	null	low
Norte Grill Company	null	low
North Goliad Sdi Llc	null	high
North Hills Medical Research, Inc	null	high
North Texas Bells, Llc	null	low
North Texas Catering	null	medium
North Texas Gourmet Llc	null	medium
North Texas Job Corps	null	high
North Texas Patriot Llc Dba Integrity-1st Automotive	null	high
North Texas Point Food Management Llc	null	medium
North Texas Wings, Llc	wings	high
Northbound Investments Corporation	null	high
Northlake Cafe	cafe	low
Northland Restaurant Group Plano Inc	null	medium
Northside Dr. Seafood Inc	seafood-classic	high
Nosh And Bottle Market	null	low
Nosh Bistro & Bar	new-american	low
Nosh Euro Bistro, Llc.	new-american	low
Not Ya Gramma's Kitchen	comfort-food	low
Nothing but fish	seafood-classic	high
Not’Cho Zaddy’s	null	low
Nouveau Consulting	null	high
Nowhere Deep Ellum	null	low
Nueva Era Taqueria Restaurant	mexican	high
Nuriel Inc	null	high
Ny Pizza Palace Llc	pizza-classic	high
O and S First Investments	null	high
O&amp O Macias Inc	null	medium
O&s First Investments Inc	null	high
O'Reilly group LLC 3400 Silverstone Dr, suite 118 Plano TX 75023	null	high
Oak Cliff Burrito Company	mexican	high
Oc Burgers	burgers	high
Ocean Crawfish Seafood & Grill Dallas	seafood-classic	high
Ocho	null	low
Off The Bone Llc	barbecue-classic	low
Off The Hook Seafood Restaurant	seafood-classic	high
Office Sun Holdings	null	high
Ofnothings Llc	null	high
Oh K Dog	korean	low
Ohrld Express Inc	null	high
Oishi Sushi & Poke Bowl	sushi	high
Okelefusion Kitchen	null	low
Olamaie, Lp	null	low
Old Homestead Candies	dessert	medium
Old Iron Post	null	low
Old San Francisco Steakhouse	steakhouse	high
Old Smokey's BBQ	barbecue-classic	high
Old Town Creamery	ice-cream	high
Olive Branch Tea Room	tea-house	high
Olive Garden Italian Restaurant	italian-classic	high
Olive Garden Lewisville	italian-classic	high
Olive Garden, Grapevine, TX	italian-classic	high
Olive U & More- Frisco TX	mediterranean	low
Olivia Pratt	null	high
Ollie’s Azul House	null	low
Olobe’s Kitchen	null	low
Om Sai Baba Llc	indian	medium
Omas Jiffy Burger Waxahachie, Llc	burgers	high
Omolara Abitoye, P.a	null	high
On Premise	null	high
On The Fly Express Cafe	cafe	medium
One90 Smoked Meats	smokehouse	high
Onwa Group Inc	null	high
Onyx Dine and Drinks	null	low
Oomi Kitchen	null	low
Oosi	null	low
Oph 6, Llc	null	high
Ophelia's	null	high
Optimus Automotive Repair &amp Sales Llc	null	high
Opus	null	high
Or-Tech Ingredients	null	high
Orbis Distributing	null	high
Orchid Company Llc	null	high
Oriental Express Sanger Inc	chinese	medium
Original ChopShop	new-american	low
Original Chopshop Co.	new-american	low
Oshi ite- pot cooker: African Dishes	west-african	medium
Oshin Sushi & Hibachi	sushi	high
Osscar International Inc	null	high
Osuma Suya	west-african	medium
Outback	steakhouse	medium
Outback Steakhouse	steakhouse	high
Outdoor Reflections	null	high
Outlaw Chef Inc.	null	low
Outskirtz Grill	null	low
Over The Top Bar and Grill	bar	low
Over Yonder	null	low
Oviq African Market & Foods	west-african	low
Owc Construction Inc	null	high
Owens	null	high
Owens Family Restaurant	null	medium
Ownes Smokehouse Incorporated	smokehouse	high
Oxford Street Restaurant & Pub	pub	high
Ozark Tree Care Inc	null	high
O’s Kitchen	null	medium
P & J Family Restaurant Inc	null	medium
P And P Pizza Inc	pizza-classic	high
P.f. Chang's	chinese	high
PANTRY ON MAGNOLIA	null	low
PB Allen TX	null	low
Pablo Pete's	null	low
Pacific Grill	null	low
Pacific Rim	pan-asian	medium
Pacific Table	seafood-classic	low
Packin' Bowls (Keto Friendly) East Dallas	bowls	high
Paisano's Authentic Pizza	pizza-classic	high
Pal's Bar and Kitchen	bar	medium
Palatables Shawarma & Grill	middle-eastern	high
Palate Garden	null	low
Paleteras la michoacana Irving & grand prairie	ice-cream	high
Paleteria La Pingüica	ice-cream	high
Paleteria las Redes	ice-cream	high
Palios Grapevine Station Llc	null	low
Palma	null	low
Pam's Restaurant & Coffee Shop	coffee	medium
Panaderia Los Niños	bakery	high
Pancakes With Benefits	breakfast	high
Panco Services Inc	null	high
Panda Bandido	null	low
Pandora	null	high
Pang Family Clinic	null	high
Pangea	null	medium
Panhandle Beverages Llc	null	medium
Panther Row Eatery	null	low
Papadams Indian Eatery	indian	high
Paper Plate	null	low
Pappa Johns Pizza	pizza-classic	high
Pappadeaux	cajun-creole	high
Pappy's Old Fashion Hamburger Co., Inc	burgers	high
Paqueteria "chava" hidalgo	null	medium
Paqueteria Pa Mexico	null	medium
Paquetería La Estrella	null	medium
Paradise Indian Grill	indian	high
Parilla Tacos	tacos	high
Park & Yoon Mangement Inc	null	high
Park Cities Home Staffers	null	high
Park Cities Short Stop Ltd	null	high
Park Foods Llc	null	high
Park Row Sdi Llc	null	high
Parker County Gibson Products, Inc	null	high
Parker County Ice House	bar	low
Parks Bliss Inc	null	high
Parkside Bistro	null	low
Parmar & Honest Llc	null	high
Parrish Restaurant Ltd.	null	low
Pastelitos Lolo	bakery	medium
Pastry Plus	bakery	high
Patriot Subs, Lp	deli-sandwiches	high
Patrizio	italian-classic	medium
Patron Manufacturing	null	low
Pat’s Cones	ice-cream	medium
Paul & Jessie Enterprise Inc	null	low
Paylim	null	low
Payment Partners Llc	null	low
Pearl Top Llc	null	low
Pearson Global Inc.	null	low
Peggy Sue Bbq, Inc.	barbecue-classic	high
Pendleton Chicken, Llc Dba Chicken Express	chicken	high
Penne Lakewood, Llc	pasta	medium
Penne Pomodoro	pasta	high
Penny Entertainment Llc	null	low
Pepper Lunch Frisco	japanese	medium
Pepper Smash	cocktail-bar	low
Pepsi	null	low
Pepsi Cola Company	null	low
Pepsico	null	low
Perc On The Plaza Llc	coffee	low
Perch Fort Worth	null	low
Peregrine International Llc	null	low
Perle Des Antilles	caribbean	high
Perrin Service Performance, Llc	null	low
Perry’s Liquor	null	low
Perseco	null	low
Pescabar	seafood-classic	medium
Pescado Frito Romeros	seafood-classic	medium
Peterson Management Group Corporation	null	low
Petra And The Beast	new-american	low
Petra and the Beast	new-american	low
Petrick And Company Cpas	null	low
Pgb Management Company Inc	null	low
Pham Associates	null	low
Pham Associates Inc	null	low
Phan & Pho, Llc	vietnamese	high
Phat Matt's Hot Wings & Fish	wings	high
Phil Am Inc	filipino	low
Phil's Philly Grill	deli-sandwiches	medium
Phillips Restaurant Corp	null	low
Pho 95	vietnamese	high
Pho An Tam Llc	vietnamese	high
Pho Boston Restaurant	vietnamese	high
Pho Bowl Inc	vietnamese	high
Pho Districy Llc	vietnamese	high
Pho Golden Llc	vietnamese	high
Pho Hanabi - Dallas1 - Llc	vietnamese	high
Pho Hung Dallas Inc	vietnamese	high
Pho Kobee Vietnamese C	vietnamese	high
Pho Mi Llc	vietnamese	high
Pho N P Llc	vietnamese	high
Pho Que Huong	vietnamese	high
Pho Que Huong Noodles & Grill	vietnamese	high
Pho Thien	vietnamese	high
Pho Vieng	vietnamese	high
Phoenix Farms Ladies Riding School	null	high
Phoenix Regen Centers	null	high
Phoenix Restaurant Inc	null	medium
Phoenixdtx, Llc	null	high
Phuong & Food	vietnamese	medium
Phuong Ho & Associates Inc	null	medium
Pi Lin Corporation	null	medium
Pi.e 3.14 Castle Hills Village Shops	pizza-classic	low
Piada Italian Street Food	italian-classic	high
Piazza Construction Llc	null	high
Pic Associates Llc	null	high
Pie & Coffee Llc	coffee	medium
Pie Five Pizza Co	pizza-classic	high
Pie Tap Design District Llc	pizza-classic	medium
Pie Tap Pizza Workshop + Bar	pizza-classic	high
Pier 18 Cajun Seafood & Grill  Mansfield TX	cajun-creole	high
Pierce Riverside Glass	null	high
Pierogi Polskie	eastern-european	high
Pietro’s Bakery & Cafe	bakery	high
Pillar	null	high
Pilot Point Dhaba	indian	high
Pink Chihuahua	null	low
Pink pink pink	null	high
Pints & Quarts	bar	medium
Pioneer Frozen Foods chg Langdon Road	null	medium
Pitmasterqbbq of Fort Worth	barbecue-classic	high
Pixflex Web Design	null	high
Pizitaz, Llc Dba Pizza Patron Arlington	pizza-classic	high
Pizza Americana Llc	pizza-classic	high
Pizza Bar None, Llc	pizza-classic	high
Pizza By Marco	pizza-classic	high
Pizza Hut	pizza-classic	high
Pizza O Pizza	pizza-classic	high
Pizza Patron	pizza-classic	high
Pizza Spot	pizza-classic	high
Pizza Street Enterprises Inc	pizza-classic	medium
Place	null	high
Plano	null	high
Plano Grills	null	medium
Plano Kitchen & Bar	null	medium
Plano Nutrition	juice-smoothie	low
Plano Tavern	bar	medium
Plano Tortilla Factory	mexican	high
Plaza Cafe	cafe	medium
Plaza Premium Lounge	null	medium
Plaza Premium Lounge (DFW International Departures, Terminal D)	null	medium
Pleasants Genuine Services, Inc.	null	high
Pleion Provisions Limited Liability Company	null	high
Pluckers-alliance, Llc	wings	medium
Pm Mckinney Investments, Llc	null	high
Pmb Enterprise West Inc	null	high
Pmc Food Services	null	high
Pnc Nguyen Inc	null	medium
Pnj Communications Llc	null	high
Po Melvins Down Home Cookin	soul-food	medium
Pogue-brown Operating Company, Llc	null	high
Poké My Bowl	poke	high
Polage Lounge	null	medium
Polechan Cocina	mexican	medium
Polish: Refining the Details	null	high
Pollo Campero Of New York Llc	chicken	high
Pollo Campero USA Careers	chicken	high
Pollo Fiesta	chicken	medium
Pollos Sinaloa	mexican	high
Pollos asados Moctezuma	mexican	high
Popes Fried Chicken	chicken	high
Poppies Chop Beef	barbecue-classic	low
Porkies Original BBQ	barbecue-classic	high
Posado Cafe	null	low
Poshcoat, Llc Dba Blush Boutique Nail Sa Lon	null	high
Postal Services Inc	null	high
Pottsboro Isd	null	high
Pouring Glory	bar	low
Powerway Corporation	null	high
Pr Corporate Operations, Llc.	null	high
Prairie Creek Beverages Llc	null	medium
Prairie Fire Bar, Lounge & Patio	bar	high
Pranzo Italian Grill	italian-classic	high
Premier Noodle Llc	pan-asian	low
Premier One Pharma Inc Dba Lake Ridge Pharmacy	null	high
Premier Vision Group Pllc Dba Glade Family Eyecare	null	high
Press Café	cafe	medium
Prestige Performance Inc	null	high
Presto Continuous Italian	italian-classic	high
Preston 5 Bbq, Inc	barbecue-classic	high
Preston Hollow Empress, Inc	null	high
Pricetrace Llc Dba Dealmoon	null	high
Prim and Proper	null	low
Primal Cafe Holdings Llc	cafe	low
Primavera Italian Pizza & Pasta	pizza-classic	high
Prime Cookie	bakery	medium
Prime Foods, Inc	null	medium
Prime Logistics Partners LLC	null	high
Prime Xo	null	low
Primo's Tex Mex Grille	tex-mex	high
Princeton Rx Llc	null	high
Print Towne Inc	null	high
Prodeca Global	null	high
Proof And Pantry	new-american	low
Prosmart Mailing Solutions	null	high
Provender Hall	null	low
Prudent Choice Service Llc	null	high
Ptf Llc	null	high
Pueblo Arriba	mexican	medium
Puente Brancato Enterprise	null	high
Puerto Cocina	latin-american	medium
Pumpjack BBQ	barbecue-classic	high
Punk Noir	null	low
Pupusas Salvadoreñas Restaurant	latin-american	high
Pupuseria Denton	latin-american	high
Purdy's Hamburger Market Grill	burgers	high
Pure Health Foods, Inc	null	low
Pure Plates	null	low
Purely Nicole, Llc	null	high
Pvs Pizza Llc	pizza-classic	high
QUÁN NGON Restaurant	vietnamese	high
Qantas Lounge	null	medium
Qatar Airways first class Lounge @DFW	null	medium
Qlm Inc	null	high
Qpp Joshua Llc	null	high
Quaker Steak & Lube	wings	medium
Quality Custom Fabricators	null	high
Quality Foods Llc	null	high
Quality Honeycomb	null	low
Quality Pizza Partners Of Texas Llc	pizza-classic	high
Quarter Acre	null	low
Queso Beso	mexican	medium
Quilt-n-cabin	null	high
Quince Riverside	null	low
Quintanilla Technologies Inc	null	high
R & B Dog Bakery LLC	null	medium
R & D Foods	null	high
R Pioneer Parkway Restaurant, Llc	null	high
R&r Business Ventures, Inc	null	high
R&s Quick Mart, Inc	null	high
R. K. Nair, M.d., P.a	null	high
R.w. Ball, Inc	null	high
R2 Wellness Group, P.l.l.c	null	high
RH Rooftop Restaurant at RH Dallas	new-american	low
Race Rack Pit Bbq	barbecue-classic	high
Racquets	null	high
Radd Design, Llc	null	high
Raem 51 Inc Dba	null	high
Rafain Brazilian Steakhouse	brazilian	high
Raffa's Grill & Cantina	mexican	medium
Rahim Hospitality Llc	null	high
Railhead Smokehouse	smokehouse	high
Rainbow Shaved Ice	dessert	medium
Rainforest Cafe	new-american	low
Rainforest Water Systems	null	high
Raise the Roost	chicken	medium
Rajamati Restaurant & Bar	indian	medium
Rajulas Kitchen	indian	medium
Raku Dining Inc	japanese	medium
Ralph's Fort Worth	null	medium
Ram's Taj Express Llc	indian	high
Ramah Ranch LLC	null	high
Ramen Republic	ramen	high
Ramirez Multiservicios	null	medium
Rampart On Green Llc	null	high
Ranch Hand Truckfitters	null	high
Randall W Reeddba Autocraft Service Cen	null	high
Randy's Cheesesteaks	deli-sandwiches	high
Ranger Entertainment Group Llc	null	high
Rannaghar Foods and Sweets	indian	medium
Raptor Express Cargo	null	high
Rapxx Lp Dba	null	high
Rave Restaurant Group Inc	null	high
Raven's Grille	null	medium
Raysal Restaurant Group Llc	null	high
Razzoos Inc.	cajun-creole	medium
Rb Motors	null	high
Rc Arlington Green Oaks Restaurants Llc	null	high
Rc Denton Eggs Llc	breakfast	low
Rc Rocking R Llc	null	high
Rca Ventures Llc Dba Big Red Auto Parts	null	high
Rck Holdings Management Llc	null	high
Rcq Kaufman Llc	null	high
Rdw Rudy's Arlington, Lp	null	medium
Real Mexican Cousine “El Alemán”	mexican	high
Red Hot	null	low
Red Hot Chik'n	chicken	high
Red Hot Indo-Chinese & Indian Kitchen	indian	high
Red Hot and Blue Memphis Pit BBQ	barbecue-classic	high
Red Lantern	chinese	low
Red Mango	juice-smoothie	medium
Red Moon	null	low
Red Oak Ice Cream Llc	ice-cream	high
Red River Rooster, Llc	null	low
Red Stag	null	low
Reddy Ice	null	low
Redmption Barber Shop Llc	null	high
Redrock Canyon Grill- Southlake L.l.c	null	low
Redstone Swirl Llp	ice-cream	low
Reed's Kuntry Kitchen	southern	medium
Reese Racket Sports Llc	null	high
Reetz Pub And Grub Club Llc	pub	high
Refined Hospitality Concepts	null	high
Reflections Club In The Admiral Hotel	null	medium
Refultx Kitchen Llc	null	medium
Regtx Entertainment Llc	null	high
Relentless Leadership, Llc.	null	high
Remington Auto Sales Ltd	null	high
Remmington	null	high
Remodelaciones	null	high
Rent-A-Chef DFW	null	medium
Republic Pallet Llc	null	high
Republic Ranch	null	low
Restaraunt Mohmunt	null	medium
Restaurant	null	high
Restaurant & Bar Arthurs Ltd	null	medium
Restaurant - San Martin's Inc	null	low
Restaurant Anise	null	low
Restaurant Beatrice	null	low
Restaurant Cfo Partner	null	high
Restaurant Degolyer	null	medium
Restaurant Designs Inc	null	high
Restaurant Direct	null	high
Restaurant Employers	null	high
Restaurant Expert Management, Inc	null	high
Restaurant Jasmine	null	low
Restaurant Reset Llc	null	high
Restaurante Jerusalen	middle-eastern	low
Restaurante San José	mexican	medium
Restaurante Tres Hermanas #2	mexican	medium
Restaurants on Lamar	null	high
Revival Foods Llc	null	medium
Revolving Kitchen Fairview	null	medium
Revolving Kitchen Garland	null	medium
Reward Restaurant Group Inc	null	high
Rgh Bp Group Llc	null	high
Rhea Beauty Inc	null	high
Rheanna Restaurant Corporation, Llc	null	high
Rib King Inc	barbecue-classic	medium
Ricardo’s Cafe	cafe	low
Riccardi's Fine Italian Dining	italian-classic	high
Rice Boxx	pan-asian	low
Rice Express	chinese	low
Rice Farm Chinese Restaurant	chinese	high
Rice Lovers Chinese Restaurant	chinese	high
Rice.p. - Lewisville, Inc	null	low
Richard Chambers Dba Richard's Realife Nutrition	juice-smoothie	low
Richard L. Ball, Inc	null	high
Richardson News	null	high
Richardson Nye Llc	null	high
Richardson TX Nutrition	juice-smoothie	low
Rick &amp Associates Inc	null	high
Ricks Old Fashioned Hamburgers	burgers	high
Ricky G's Wings	wings	high
Ricos elotes jannys/fannys	mexican	high
Righteous Foods	null	medium
Rima International Inc	null	high
Rincon Potosino Mexican Restaurant	mexican	high
Rinos Restaurant	null	medium
Rio sport's bar and grill 	sports-bar	high
Riscky's BBQ	barbecue-classic	high
Rise and Dine Restaurant	breakfast	medium
Rise001, Llc	null	high
River Oaks Food Pantry	null	high
River Of Living Water Cho Llc	null	high
Rivera's Restaurant	null	medium
Riverfront Supperclub	new-american	low
Riverstone Cafe	cafe	medium
Riverview Cafe & Grill	cafe	medium
Riviera's Comida Tex Mex	tex-mex	high
Rivieras Comida Tex Mex	tex-mex	high
Rj Forest Ln Restaurants Llc	null	high
Rjka Imports Llc	null	high
Rjr Restaurants Of Denton, Lp	null	high
Rm 12:20 Bistro	null	medium
Rm Restaurants Llc	null	high
Roann Behavioral Health Clinic	null	high
Roanoke Ce, Llc	null	high
Roasted Chix D.F.	chicken	high
Rob's Grill Emporium	null	medium
Roberson's Smoke House	smokehouse	high
Robles Rubio Restaurant Inc	null	medium
Roc Entertainment Group Llc	null	high
Rocio’s	null	medium
Rockin’ S Express Bar & Grill @ Silver Lake Marina - Lake Grapevine	bar	medium
Rockwall Beverage Center Lp	null	high
Rockwall Tx Sdi Ltd	null	high
Rodeo City Popcorn	dessert	low
Rodeo Tavern	bar	medium
Rokis Pho & Boba	vietnamese	high
Rollen Forks	null	medium
Rollin-Stone Food Truck	food-truck	high
Roly Poly	deli-sandwiches	medium
Roma Restaurant Holdings, Inc.	italian-classic	low
Romantica Jazz Lounge and Restaurant	bar	low
Ron Roberts For Hair	null	high
Roni's Mac Bar - Wylie	comfort-food	medium
Roosters GuitarBQ	barbecue-classic	medium
Roots of Burrow, LLC	null	high
Rosa's Caf & Tortilla Factory, Ltd	tex-mex	high
Rosa's Café & Tortilla Factory	tex-mex	high
Rosario Enterprises Dba Dickeys Barbecue	barbecue-classic	high
Rosis	null	medium
Rositas Tex Mex & Cantina, Llc	tex-mex	high
Ross & Hall	null	high
Roti Grill	indian	medium
Rotolo's Craft & Crust - Willow Park, TX	pizza-classic	medium
Rough Creek Llc	null	low
Roundhouse Food Hall	food-hall	high
Rowdy's Diner, Llc	diner	high
Rowlett Drive-in Lp	fast-food	low
Roy Orr Limited Partnership	null	low
Royal African kitchen	west-african	medium
Royal East Asian Cuisine	pan-asian	medium
Royal Grill	null	low
Royal Mansion - Restaurant & Bar	null	low
Royal Nepal TX Bar and Grill	indian	low
Royal Seafood Llc	seafood-classic	high
Royal Sushi	sushi	high
Royal Tokyo Sushi Den	sushi	high
Royal Usa	null	low
Royals Aum Shree Corporation	null	low
Royse City Rx Llc	null	low
Rozana Market And Restaurant	middle-eastern	low
Rozina Sales Inc	null	low
Rrc Holdings Management, Llc	null	low
Rs Cooper St Restaurant Llc	null	low
Rubi's Restaurant	null	low
Ruby Restaurant #2	null	low
Ruchi Palace	indian	medium
Rudd Properties	null	low
Rufe Snow Investment Llc. Dba Stop-n-go Gyros	greek	medium
Ruiz Legacy Plano, Llc	null	low
Rung Krupa, Llc	null	low
Rustic bar and cooler's	bar	medium
Ruth Fayes	null	low
Ryan Chambers	null	low
Ryan Group Inc	null	low
Ryans Family Steak House	steakhouse	high
Ryder Cup Grille	null	low
Rye	null	low
S D I Of Josey Lane Lp	null	low
S&b Pizza Llc	pizza-classic	high
S&m Deli Inc	deli-sandwiches	high
S.d.i. At Stonebriar Mall, A Limited Partnership	null	low
S.d.m.m. Mesquite No. 3, A Texas Limited Liability Company	null	low
SAS The Restaurant	null	high
SLJ Corp	null	high
SMU Hospitality Group	null	high
SOUL of SOUTH	southern	medium
STUFFED POTATO KITCHEN	comfort-food	low
SYMZI Dispatch	null	high
Saap Lao Kitchen	thai	low
Saba Automotive, Llc	null	low
Sabaidee Lao & Thai Street Food - 380 Frisco	thai	high
Sabor Llanero Llc	latin-american	medium
Sabor a mexico	mexican	high
Sabores Latin House	latin-american	high
Sabores Latin House 	latin-american	high
Sachse Ice House Inc	bar	low
Sachse Liquor 4u Limited Liability Dba Jacob's Liquor	null	low
Sadak at Harry Hines	indian	low
Sadi Investment Inc	null	low
Sadie Hawkins Beer & Wine	bar	medium
Safe Seema, Inc. Dba Legacy	null	low
Sagebrook Restaurant Management	null	low
Sagewind Restaurant + Lounge	null	low
Saigon Eats	vietnamese	high
Saigon Table	vietnamese	high
Saint Ann Restaurant and Bar	null	low
Saint Clair Management, Inc.	null	low
Sakana Japanese Cuisine	japanese	high
Sake 2 Me Sushi	sushi	high
Sal's Pizza Restaurant, Inc	pizza-classic	high
Sal's Treescape Service Inc	null	high
Salaama Restaurant	null	low
Salad Bowl 10 Corporate Catering	salad	high
Salado Wood Fire Salsa	mexican	medium
Salt N Pepper Kitchen & Catering Services	null	low
Saltwater Grill Llc	seafood-classic	medium
Salut Paris Bakery	bakery	high
Sam - Mi Unity Inc	null	high
Sam Food and Beer	bar	low
Sam's Southern Eatery	southern	high
Sam's Sports Bar And Grill Inc	sports-bar	high
Sambuca	null	low
Sami Hannah, Llc	null	high
Sammy Malone's	null	low
Sammy's On The Lake	null	low
Sammy's Restaurant	null	high
Sams Burger House	burgers	high
Samuel Wallace Mcneely Jr, Corp	null	high
San Angelo Pizza Partners Lp	pizza-classic	high
San Jose Restaurant	mexican	medium
Sanco Marketing Inc	null	high
Sanders Research, Inc	null	high
Sandy Sue's BBQ	barbecue-classic	high
Sandy's Real Chicken Fried Steak	southern	medium
Sangmin Inc	null	high
Sanu Creations, Llc	null	high
Sanya Investments Inc	null	high
Sapori Di Roma	italian-classic	high
Sapphire Room	null	low
Saputo Dairy Foods Usa Headquarters At Cityplace	null	medium
Sara Donuts Corporation	donuts	high
Sarah's Cafe & Panini	cafe	medium
Sasha Kitchen & Cocktails	cocktail-bar	medium
Sasha Ramik Llc Dba Carrollton Pharmacy	null	high
Sason Restaurant	null	low
Sassy Kitchen	null	medium
Savage Payroll Company	null	high
Savera Indian Kitchen	indian	high
Savoji, Allen TX	null	low
Savory Kitchen Catering	null	medium
Savour Tasting Room & Social Club	wine-bar	low
Sazon De Loa	latin-american	medium
Sbh Beverage Lp	null	high
Schiff & Company, Ltd	null	high
Scilla Coastal Italian	italian-classic	high
Scott's Southern Kitchen At the Boil	southern	high
Scotty's Deluxe Diner	diner	high
Scout River Walk	null	low
Sdi # 3627 Dallas, Tx Llc	null	high
Sdi 1445 Beltline Llc	null	high
Sdi 3205-dallas Tx Llc	null	high
Sdi 3458 Ft Worth Tx. Llc	null	high
Sdi 3562 - Dallas Tx. Llc	null	high
Sdi 4121 Alvarado Tx Llc	null	high
Sdi 4601-arlington Tx. Llc	null	high
Sdi 4630-desoto Tx, Llc	null	high
Sdi 4900 Ft. Worth Tx. Llc	null	low
Sdi 5980 - Palmer Tx. Llc	null	low
Sdi 6297 Ft.worth Tx. Llc	null	low
Sdi Allen Tx, Llc	null	low
Sdi Bells Tx Llc	null	low
Sdi Bopa 4206, Llc	null	low
Sdi Denton, Tx, East University Drive, Llc	null	low
Sdi Desoto Llc	null	low
Sdi Hamshire Llc	null	low
Sdi Howe Tx Ltd	null	low
Sdi Irving Tx Llc	null	low
Sdi Loop 12 Llc	null	low
Sdi North Arlington Tx Llc	null	low
Sdi Northlake, Tx, Raceway Dr., Llc	null	low
Sdi Of Aledo Tx, Lp	null	low
Sdi Of Grand Prairie Mayfield 360 Ltd	null	low
Sdi Of Grapevine - Grapevine Mills Mall Llp	null	low
Sdi Of Hurst Texas, Limited Partnership	null	low
Sdi Of Nr Hills, A Ltd. Partnership	null	low
Sdi Of Shady Grove Llc	null	low
Sdi Pleasant Grove Tx Llc	null	low
Sdi Restaurant Bowen Road Llc	null	low
Sdi S Cooper Green Oaks Llc	null	low
Sdi Thackerville, Ok, Llc	null	low
Sdi Weatherford Texas 1201 N. Main Street A Limited Partner	null	low
Sdi#2637-north Richland Hills Tx, Llc	null	low
Sdmm Mesquite #4, Llc	null	low
Se Heval Enterprises Llc	null	low
Se Mo Taco Investment I Llc	tacos	medium
Seafod boil	seafood-classic	high
Seafood & Pho Daiquiris Corporation	vietnamese	medium
Seafood Spot	seafood-classic	high
Seafoods Resturaunt Inc	seafood-classic	high
Seashell Studios Llc Dba Aquastudios	null	low
Second Watch Keller, Llc	null	low
Secret Recipe	null	low
Seek Restaurant & Bar	null	low
Seinyaa African Food	west-african	medium
Seinyaa internatinal african market	west-african	low
Sejdini Holdings Llc	null	low
Selam Restaurant	ethiopian	medium
Senior Jalapeno Inc	mexican	medium
Sepra Usa Llc	null	low
Sergio's Restaurant	null	low
Serious Pizza Llc	pizza-classic	high
Servirapido	null	low
Seven Dollar Beauty Supply, Inc	null	low
Seven Doors Kitchen & Cocktails	cocktail-bar	low
Seven Flames Investment Corp	null	low
Seventeen Seventeen Restaurant	null	low
Sfereco River Walk	null	low
Shanaa & Chanaa Willow Bend Llc	null	low
Shanaya Sales Inc	null	low
Shandra's Food Adventures	null	low
Shante Buckley Ministries, Inc. Dba Lift Community Church	null	low
Shanu &amp Z Llc Dba Discount Cigarettes &amp Vapor	null	low
Sharetea Frisco	tea-house	high
Sharks fish & chicken	seafood-classic	medium
Sharp Mexican 6 Llc	mexican	high
Sharp Oakwood Estates Inc	null	low
Sharp Westover Hills Lp	null	high
Shatila Restaurant Inc	middle-eastern	low
Shear Ambiance Hair Studios	null	high
Sheesh Eatery and Lounge	middle-eastern	low
Shehu Associates Inc	null	high
Shell Shack, Inc.	seafood-classic	medium
Shellz Pizza Inc	pizza-classic	high
Shelton Pizza Company	pizza-classic	high
Shenanigan's	irish-pub	low
Shenanigans BBQ	barbecue-classic	high
Shep's Place	null	high
Shinjuku Station	japanese	high
Shinwari Kitchen	pakistani	medium
Ship It & More Gunter	null	high
Shiraz Cafe	persian	medium
Shiv Shisha Inc Dba Clarion Inn &amp Suites Txa30	null	medium
Shiva Groups Llc	null	high
Shorty Phami	vietnamese	low
Shree Hardin Donuts, Llc	donuts	high
Shrimp Daddies	seafood-classic	high
Shrimp Doc	seafood-classic	high
Shun Kitchen Llc	chinese	low
Shuri African Restaurant	west-african	low
Siam Holding Llc	thai	low
Siam-smith Llc	thai	low
Siena Cafe	italian-classic	medium
Sierra Sound Investments, Llc	null	high
Sigree Bar & Grill	indian	medium
Silks Dining at Lone Star Park	null	medium
Silos In Celina	null	medium
Silver Creek School Of Performing Arts	null	high
Silver Fox Steakhouse	steakhouse	high
Silver Tree Inc	null	high
Simba Automotive Llc	null	high
Siminaonemain Llc	null	high
Simple Simon's Pizza	pizza-classic	high
Simplified Title Company	null	high
Simplified Title Company Llc	null	high
Simply Fondue	new-american	low
Simply Fondue Dallas	new-american	low
Sino House Chinese Restaurant And Bar	chinese	high
Sinor Taqueria	tacos	high
Sipit Burleson	null	medium
Sirikawa Inc	null	medium
Sisters and Me Catering Services	null	medium
Sitara Grand -Frisco Indian Cuisine & Bar	indian	high
Sixty Vines Crescent Llc	wine-bar	medium
Sixty Vines Dallas	wine-bar	medium
Sj & Jk Investment Inc Mama's Donuts	donuts	high
Skin Guidance	null	high
Sleep And Snoring Services	null	high
Slim Street Nadg Operating, Lp	null	high
Slow Bone Llc	barbecue-classic	medium
Sm Management Services Llc	null	high
Small Town Kitchen	null	medium
Smi Energy	null	high
Smita's Kitchen	indian	low
Smk Mansfield Llc	null	high
Smokestack Barbecue	barbecue-classic	high
Smokin Jay's BBQ Tacos	barbecue-classic	medium
Smokin' Guns BBQ	barbecue-classic	high
Smr Enterprises Llc	null	high
Smsm Corporation Dba Giant Burger	burgers	high
Snack Bomb	null	medium
Snack N Pop Vending	null	medium
Snap Kitchen	null	medium
Snap Kitchen Southwest Kitchen	null	low
Snappy Salads Southlake	salad	high
Snax Media	null	high
Snb Solutions Inc	null	high
Sno Wonder Shaved Ice Co.	dessert	medium
Sno-To-Go	dessert	low
Snoball Express In River Oaks	dessert	medium
Snooty Pig Cafe	cafe	medium
Snow Mountain	null	low
So Forkin Good BBQ Co.	barbecue-classic	high
Sobahn Express (Carrollton)	korean	medium
Sofrano's Greek Restaurant and Sports Bar	greek	high
Someplace Else	null	high
Somma Foods	null	high
Son of a Butcher	burgers	low
Song & Jung Enterprise Inc	null	medium
Song & Youm Corporation	null	high
Song Huong Restaurant	vietnamese	high
Song's Corporate Inc	null	high
Song's Olive Bakery Llc	bakery	high
Sonic Drive In Of North Richland Hills, Tx, Inc	fast-food	high
Sonic Drive-in On West University In Mckinney Ltd	fast-food	high
Sonic Drive-in, Sanger, Tx, Llc	fast-food	high
Sonic Drve-in, Prosper, Tx, Llc	fast-food	high
Sonic North Mesquite Tx Inc	fast-food	medium
Sonny Bryan's Smokehouse	smokehouse	high
Sonny Byran's Smokehouse No. 2 Inc	smokehouse	high
Sonoma Grill & Wine Bar	wine-bar	high
Sosa's BBQ	barbecue-classic	high
Souk Mediterranean Bistro And Bar	mediterranean	high
Soul Food	soul-food	high
Soulgood	null	low
Soulgood Vegan And Vegetarian Fast Food	vegan	high
Soulman's Bar-b-que	barbecue-classic	high
Soulman's Bar-b-que Llc	barbecue-classic	high
Soumi Dining Inc	null	high
South Fork Texas Steak & Crab	steakhouse	medium
Southeast Ce Llc	null	high
Southern Gourmet Kitchen	southern	medium
Southern Smothered Soul Kitchen	soul-food	high
Southern Social Eatery	southern	medium
Southside Grill	null	medium
Southwest Auto Shield	null	high
Southwest Minority Financial Group	null	high
Soyoon &amp Hyejung, Inc	null	medium
Sp Mb Tropical Investments	null	high
Space City Management Llc	null	high
Spice In The City, Llc	null	low
Spicy Grill & Bar	null	low
Spicy Sea Grill	seafood-classic	medium
Spicypot Llc	null	low
Spike Global Grill	null	low
Spinner Printing Company, Inc	null	high
Spiral Diner And Bakery Llc	vegan	medium
Splash With A Twist	null	low
Spoon + Fork Kitchen Llc	null	low
Spoons Cafe	cafe	medium
Sports City Caf, Inc. Rowlett	sports-bar	medium
Sports City Cantina, Inc. - Dallas	sports-bar	medium
Sports City Cantina, Inc. - Durant	sports-bar	medium
Sports City Cantina, Inc. - Mesquite	sports-bar	medium
Spring Creek Barbeque Special Gifts, Ltd	barbecue-classic	high
Springbok Technologies	null	high
Sprinklers Of Sachse	null	high
Spud Texan Company	null	low
Squares Hot Pot	chinese	medium
Srrg Holdings Llc	null	high
Srrg Kentucky Llc	null	high
Ssahm BBQ	korean	medium
Sscp Management, Inc.	null	high
Ssmis Food, Inc	null	high
St Francis Pub	pub	high
Stacks Pancake House	breakfast	high
Stacksbiscuithouse 76262 Llc	breakfast	medium
Stake N Shake 519	burgers	medium
Standard Service	null	high
Standard Service - Dallas	null	high
Stans Lakeview Taphouse & Gril	bar	medium
Star Burger	burgers	high
Star Venture Of Las Colinas L.p	null	high
Starmart Shell Ltd	null	high
Stash's Table and Fable	null	low
State Of Mind BBQ	barbecue-classic	high
Station 330	null	high
Steak Me Home Tonight, Llc	steakhouse	medium
Steam Bar And Grill	null	low
Steel Dust Texas Kitchen	southern	low
Steel Restaurant & Lounge Ltd	null	low
Stella Nora Pikar Llc	null	high
Stemmons Cafe & Grill	null	low
Stern's Catering Company	null	medium
Steven's Fish -n- Chicken	seafood-classic	medium
Stevenson Gourmet BBQ Sauce	barbecue-classic	medium
Stewart’s Roasted Corn on the Cob.	food-truck	low
Sth Food Inc	null	high
Sting Bistro	null	low
Stir Crazy Baked Goods	bakery	high
Stix Bar B Que	barbecue-classic	high
Stock & Barrel	new-american	low
Stogies Heavy Hoagies	deli-sandwiches	high
Stone Trough	null	low
Stonewall Road Automotive Group Llc	null	high
Stonewall Road Restaurant Group	null	high
Stonewall Road Restaurant Group, Llc.	null	high
Story & Associates, Inc.	null	high
Straight From The Kitchen Llc	null	medium
Street Bites Lounge	null	low
Street Eats	food-truck	low
Street Suya	west-african	high
Strumolo's, Llc	null	high
Studio 4-1-1 Counseling &amp Consulting, Pllc	null	high
Stumpy's Lakeside Grill	null	low
Stuttgart Auto Center	null	high
Suburban Yacht Club	null	low
Suisui, Llc Dba Muses Ktv &amp Cafe	cafe	low
Suite 107 Restaurant. Incorporated	null	low
Sun Ii Express, Inc	null	low
Sun Steaks Llc	steakhouse	medium
Sunami Global Inc	null	low
Sunny South Bar Bq	barbecue-classic	high
Sunny's Cafe	cafe	medium
Sunnys Rufe Snow Inc	null	low
Sunshine Foods Llc	null	low
Super Chix	chicken	high
Super Hospitality, Llc	null	low
Superior Housekeeping Staffing Limited L	null	high
Superior Sports Investments Llc	null	low
Supreme U Media, Llc	null	high
Suraj Oils Llc Dba Asap Store	null	low
Sushi Axiom, Llc	sushi	high
Sushi Expres Llc	sushi	high
Sushi Go	sushi	high
Sushi Loco	sushi	high
Sushi Master Tx	sushi	high
Sushi Sakana Coppell	sushi	high
Sushiyaa	sushi	high
Suyastop	null	low
Suze	null	low
Sv Group Llc	null	high
Swahili Grill.	west-african	low
Swamp Daddy’s Smokin Hot Seafood Grill	cajun-creole	medium
Swan Court	null	low
Swank - A Neighborhood Restaurant	new-american	low
Sweet Paris - McKinney - West Grove	french	medium
Sweet Treats By Lexx LLC	dessert	medium
SweetheavenCupcakes	bakery	high
Sweetsie Bakery And Cafe	bakery	high
Sweetwater Grill & Tavern	bar	low
Swig	null	low
Swig - Wylie	null	low
Swj Cafe Inc	cafe	low
Sws	null	high
Sy & Sc Kim Enterprise Llc	null	low
Sy Family Investments Llc	null	high
Sycamore Beauty Manufacturing Consultants, Llc	null	high
Sylvan Avenue Tavern	bar	medium
Symbol Brewing Company	brewery	high
Szechuan Star	chinese	high
T&h Nguyen Corporation	null	low
T's Buka	west-african	medium
T's Home Cooking	comfort-food	medium
T-n-t Prtvate Club Inc	null	low
T-shirt Creations Inc	null	high
T.g.i. Fridays	new-american	medium
TCU Dining	null	low
THE RIM scratch craft eats	new-american	low
TKRC	null	high
TTI Club	null	high
TWICE The ICE - Forest at Greenville	null	medium
TX New York Famous Gyro	greek	medium
TXB	null	low
Tacebuds	null	low
Taco Bar	tacos	high
Taco Canasta	tacos	high
Taco Daddy Kitchen	tacos	high
Taco Grill Mexican Restaurant	mexican	high
Taco Inn	tacos	high
Taco Trucking LLC	tacos	medium
Tacolingo	tacos	medium
Tacomaster	tacos	high
Tacos Don Roque	tacos	high
Tacos El Bonbon	tacos	high
Tacos El Chucky Llc	tacos	high
Tacos El Flaco Carbajal	tacos	high
Tacos El Jefe	tacos	high
Tacos Moreno	tacos	high
Tacos Tierra Caliente	tacos	high
Tacos Y Mas	tacos	high
Tacos Y Pupusas	latin-american	medium
Tacos el guero	tacos	high
Tacosymas Mex Gourmet Inc	mexican	high
Tai Zong SI Chuan	chinese	high
Taiwan Cafe	chinese	medium
Taiwan Chinese & Japanese Restaurant	chinese	high
Taizong Sichuan Cuisine	chinese	high
Takeria Anaxtasia	tacos	medium
Talk Jhal Coppell	indian	low
Tamaleria Guanajuato	mexican	high
Tamayo Restaurant	null	low
Tamez Management Systems Llc, Dba Pethavenrx	null	high
Tapan Wok	chinese	medium
Tapdynamics	null	high
Taqueria Chihuahua	mexican	high
Taqueria Cholula	mexican	high
Taqueria El Antojo	mexican	high
Taqueria El Detalle	mexican	high
Taqueria El Oaxaco	mexican	high
Taqueria El Primo	mexican	high
Taqueria Guanajua	mexican	high
Taqueria La Fortuna	mexican	high
Taqueria Las 3 Hermanas	mexican	high
Taqueria Los Cerros	mexican	high
Taqueria Melchor	mexican	high
Taqueria Palmares	mexican	high
Taqueria Pinihuan	mexican	high
Taqueria San Miguel	mexican	high
Taqueria Tepito #1	mexican	high
Taqueria Y Elotes La Pasadita	mexican	high
Taqueria el Huizache	mexican	high
Taqueria el buen sabor latino.	mexican	high
Taqueria en Waxahachie Texas	mexican	high
Taqueria street tacos	tacos	high
Taqueria vazquez 4	mexican	high
Taquería Lázaro Cárdenas Chihuahua	mexican	high
Tarrant Food And Beverages	null	high
Taste Afrik	west-african	medium
Taste Community Restaurant	null	high
Taste Of Japan, Inc	japanese	high
Taste Of Poland	eastern-european	high
Taste of Home Beignets	cajun-creole	medium
Taste of Malaysia - Coming soon	malaysian	high
Taste of Rome	italian-classic	high
Taste of Southlake	null	medium
Taste of Towerwood	null	medium
Taste-Afrik	west-african	medium
TasteDa_Juice	juice-smoothie	medium
Tastebud Temptations	null	low
Tastebuds Live	null	low
Tastee Ice Snow Cones Arlington	dessert	medium
Tasty Hut, Llc.	null	low
Tasty Pizza Llc	pizza-classic	high
Tasty Restaurant Group	null	low
Taurus 89 Llc	null	low
Tavern on Meridian	bar	low
Taxes Dingfeng Catering Llc	chinese	low
Taylor Shipping	null	low
Tazon Picosito Mexican R.	mexican	high
Tb Corp	null	low
Tcc-se	null	low
Tccm Broadway, Llc	null	low
Tdccc Llc	null	low
Te Pro36 Llc	null	low
Team Next Level, Inc	null	low
Team Zuff Llc	null	low
Team Zuff Mckinney Llc	null	low
Team Zuff Plano Llc	null	low
Teasom	tea-house	low
Teatro Bistro and Cocktail Lounge	cocktail-bar	medium
Teenmaar Indian Cafe	indian	high
Ten Seconds Yunnan Rice Noodle	chinese	high
Ten Sports Grill	sports-bar	medium
Tenhop, Llc	null	low
Teppo Partners Lp	null	low
Terilli's Restaurant & Bar	italian-classic	low
Teriyaki Special	japanese	high
Terra Cotta Coffee House	coffee	high
Terrace Grill	null	low
Terrace Retreat Salon Day Spa	null	low
Texas A&M Dallas	null	low
Texas American Express	null	low
Texas B-team Llc	null	low
Texas Bar and Grill	bar	medium
Texas By Texans	null	low
Texas Dairy Queen	fast-food	medium
Texas De Brazil	brazilian	high
Texas En Fuego	mexican	low
Texas Fish Chicken	seafood-classic	medium
Texas Flattops	null	low
Texas Forever Steak & BBQ	barbecue-classic	high
Texas Grill	null	low
Texas Group Restoration Services, Llc Dba Siebax Enterprises	null	low
Texas Homestead Company	null	low
Texas Jai Prabhu L.l.c	null	low
Texas Kirbys Investments, Ltd	null	low
Texas Metal Equipment	null	low
Texas Momo Taqueria	tacos	medium
Texas Movie Bistro	null	low
Texas Nation Title	null	low
Texas Premier Specialties, Inc	null	low
Texas Roadhouse - Prosper	steakhouse	high
Texas Slab Factory Of Plano Llc	null	low
Texas Snax	null	low
Texas Star Cafe	cafe	low
Texas Taco Company	tacos	high
Texas de Brasil - Downtown Fort Worth, Texas	brazilian	high
Texas fish chicken	seafood-classic	medium
Tgd Investments, Inc	null	high
Tgif Of Greenbelt Inc	new-american	low
Tgif Of Minnesota Inc	new-american	low
Tgif Of Towson Inc	new-american	low
Tha DAQ Shack	bar	low
Tha Drank Plug	juice-smoothie	low
Thai Away	thai	high
Thai Express Restaurant	thai	high
Thai It Up Llc	thai	high
Thai Paisarn Corporation	thai	high
Thai Soon Inc	thai	high
Thai Square Llc	thai	high
Thai360	thai	high
Thaiasianglobal Llc	thai	medium
Thailicious Cuisine & Bar	thai	high
Than Thai Inc	thai	high
Thanh Tin Llc	vietnamese	low
The 206	null	high
The 544 Cafe	cafe	medium
The Addison Collections Lp	null	high
The Antojito Bar- Snack Bar	mexican	medium
The Apron Kitchen + Bar	null	medium
The Argyle Social	null	medium
The Aussie Grind Provisions	coffee	low
The Beast & Company Fort Worth	null	medium
The Bells Sweet Factory	dessert	medium
The Best Restaurant Ever	null	high
The Biscuit Bar Llc	southern	low
The Bistro	null	medium
The Blue Fish	sushi	low
The Blue Fish - Stacy Rd	sushi	low
The Boathouse on Lavon	seafood-classic	low
The Boiling O’Cajun	cajun-creole	high
The Boiling Shrimp	seafood-classic	high
The BopBop	korean	low
The Braai Village - South African Grill	null	low
The Brass Spur Bar & Grill	bar	medium
The Brown Bag Press	null	low
The BurgerDudesTexas	burgers	high
The Burrito Shop in Montague	mexican	high
The Busy Bee	null	medium
The Cake Guys	bakery	high
The Carribean Cowboy	caribbean	high
The Catch: Sherman	seafood-classic	medium
The Cause Restaurants Llc	null	high
The Cedars Social	null	medium
The Charm Farm	null	medium
The Cheesecake Factory	new-american	medium
The Chefs Grind	null	low
The Classic Cafe Of Southlake	cafe	low
The Club At Dfw International Airport	null	high
The Club DFW	null	high
The Club at Gateway Center	null	high
The Coffee Bean and Tea Leaf	coffee	high
The Connected Cactus	null	low
The Conservatory	null	medium
The Cookshack	null	low
The Cottage	null	low
The Counter	null	low
The Crafty Scrapper	null	low
The Crape Myrtle Trail	null	low
The Cutting Board Group Llc	null	low
The Dam Diner, Llc	diner	high
The Dandk Inc	null	low
The Dapper Doughnut	donuts	high
The Den	null	low
The Denton Junction	null	low
The Desert Spot, Llc	null	low
The Diamond Saddle Restaurant	null	low
The Dirdie Birdie Fort Worth	null	low
The District at Willow Bend	null	low
The District at Willow Park	null	low
The Dive on 75	bar	low
The Donna Bender Company	null	low
The Drunken Donkey	bar	low
The Ever Suite Group Llc.	null	low
The Exchange Hall	null	low
The Express 1102 Inc	null	low
The Factory Kitchen	null	low
The Family Table	comfort-food	low
The Farmhouse Table	comfort-food	low
The Flying Carpet	middle-eastern	low
The Funky Chicken	chicken	medium
The G Spot	null	low
The Garden Group	null	low
The Garden Group Llc	null	low
The Garden of Eating Bistro	null	low
The Gardner Group, A Registered Investment Advisor	null	high
The Gibson Dallas	null	low
The Go To Place in Grand Prairie	null	low
The Goat Tavern - Pizza, Wings, Burger & Things	pizza-classic	medium
The Good Stuff Food Truck	food-truck	high
The Hall Bar & Grill Incubator Restaurant, Llc	bar	low
The Hangover Micheladas	mexican	medium
The Hawk's Nest At Humperdinks Northwest Highway	brewpub	low
The Heights	null	low
The Henley Kitchen and Bar	null	low
The Henry	null	low
The Heritage Pub Company, Llc	pub	medium
The Heritage Table	null	low
The Hickory Tree Grill	null	low
The Hideout Bar & Grill, Llc	bar	medium
The Hoop Texas Basketball Academy Llc	null	high
The House of Juice	juice-smoothie	high
The Hub	null	low
The Huemmer Agency, Inc	null	high
The Hungry Bear Restaurant And Sports Den	sports-bar	medium
The Island Spot	caribbean	low
The Italian Village	italian-classic	high
The Jets Llc	null	low
The Juicy Rib - Slow-Cooked Beef Ribs Delivery	barbecue-classic	medium
The Kebab Shop	middle-eastern	high
The Kickboxing Circuit	null	high
The Knollwood Library Company , Llc	null	low
The Krazy Koconut Shaved Ice	dessert	medium
The Ld 16696 Group Llc	null	high
The Legend	null	high
The Lennox Group Llc	null	high
The Loaded Potato Club	comfort-food	low
The Local Oak	null	medium
The Local Open	null	high
The Londoner	british	medium
The Lonesome Dove Western Bistro Ltd	new-american	low
The Lumen	null	high
The Lunch Box	deli-sandwiches	low
The Magic Time Machine	null	medium
The Manchurian Club - An Indo Chinese Concept	chinese	medium
The Maple Tree Group Llc	null	high
The Mars Sales Inc	null	high
The Mask House	null	high
The Melting Pot	new-american	low
The Mercury	null	high
The Mirage Lounge	bar	low
The Momo Masala	indian	medium
The Neighborhood Spot	null	high
The Nest Craft	null	high
The Northside Kitchen	null	high
The Nutrition Vibe	juice-smoothie	low
The Oaks Life Center, Pllc	null	high
The Original Ali Baba Authentic Lebanese Grill since 1988 On Lower Greenville	lebanese	high
The Original Hot Dog Factory - Fort Worth	fast-food	medium
The Original Pancake House	breakfast	high
The Owl Icehouse	bar	medium
The POT baked potato bar	comfort-food	low
The Parlour Social Lounge	bar	low
The Patio Downtown	null	medium
The Philly Cheesesteak Factory, Llc	deli-sandwiches	high
The Prep Kitchen	null	high
The Public Market Fort Worth	food-hall	low
The Quail Shack	null	medium
The Ranch At Las Colinas Llc	new-american	low
The Raven	null	high
The Rim Waterside	null	high
The Royal Daiquiri Dallas	bar	medium
The Rustic	null	medium
The Ryan Ia, Llc	null	high
The Saint	null	high
The Salven Kitchen	null	high
The Saxton Group, Llc.	null	high
The Scoreboard	sports-bar	medium
The Shed Cafe & BBQ Smokehouse	smokehouse	high
The Shirley Shack	null	high
The Shops at Bedford Crossing	null	high
The Shops at Mustang Station	null	high
The Slim Fish	seafood-classic	low
The Sour Boule - Willow Bend	bakery	low
The Stable	null	high
The Stair Company Llc	null	high
The Station Patio Icehouse	bar	medium
The Sun's Organization Inc	null	high
The Taphouse Gastro Kitchen & Bar	pub	medium
The Techmar Group Llc	null	high
The Toasted Yolk Cafe- Highland Village	breakfast	high
The Toasted Yolk Cafe- Southlake	breakfast	high
The Tracy Shook Company	null	high
The V's Pizza Llc	pizza-classic	high
The Vandy	null	low
The Vault Mediterranean	mediterranean	high
The Vault Smokehouse	smokehouse	high
The Vault Smokehouse, Llc	smokehouse	high
The Velvet Hookah	middle-eastern	low
The Wild Mushroom	null	low
The Wild Turkey	null	low
The Wing Mac	wings	medium
The Wing Mac Frankford	wings	medium
The Wing Queen	wings	high
The Yard McKinney TX	null	low
The homestead Bakery	bakery	high
Theos Cafe	cafe	low
Therapeutic Skin Coach	null	high
Thhbp Brioche Doree	bakery	medium
Three Flames Barbeque Llc	barbecue-classic	high
Three Ovens Allen Llc	null	low
Tia Borre Comida Mexicana	mexican	high
Tibet Tiffin	indian	low
Tic Toc Food Store Inc	null	low
Tienda Hispana	latin-american	medium
Tienda Hispana 	latin-american	medium
Tienda Santa Rosa	latin-american	low
Tiffany Khong Phu Inc	null	low
Tiki Creek	null	low
Tilleys Custom Homes Inc	null	high
Timeless Staffing Services, Llc.	null	high
Tin Star Taco Bar	tacos	high
Tinker Inc	null	high
Tinsley Group	null	high
Titches Bar And Bistro	bar	medium
Title Partners, Llc	null	high
Tj's Fresh Seafood Market & Catering Iii, Llc	seafood-classic	high
Tj's Fresh Seafood Market And Catering Iii, Llc	seafood-classic	high
Tk Culinary	null	low
Tkjb Inc	null	high
Tl Tran's Enterprise	null	medium
Tlc Tropical Cafe	cafe	low
Tmc Plano Llc	null	high
Tmcd Corporations	null	high
Tn Tailor &amp Travel, Inc	null	high
Tnt Pizza Llc	pizza-classic	high
Toasted Coffee + Kitchen	coffee	high
Toasted Simple	null	low
Toasted Walnut Table and Market	null	low
Tocumbo Llc	null	low
Todai Seafood Buffet	buffet	medium
Toloache Entertainment Llc	null	medium
Tom Bean Burger	burgers	high
Tomato Tamoto	null	low
Tomkins And Associates	null	high
Tomorrow Telecom, Inc	null	high
Tonnu Insurance Agency, Llc	null	high
Tony Pham, Inc	null	high
Tony Roma's	barbecue-classic	medium
Tony T Chuong Mdmanagement P A	null	high
Tony's Tex-Mex Restaurant	tex-mex	high
Tonys Pizza Pasta & Sub	pizza-classic	high
Top Food Llc	null	high
Tope's Kitchen	null	medium
Tortas Ahogadas El Rinconcito de Jalisco	mexican	high
Tortas Camis	mexican	high
Tortas El Salvador	latin-american	medium
Tortas y Tacos El Ranchito	tacos	high
Tortilla Casa	mexican	medium
Tortilleria El Charrito	mexican	high
Tovi Enterprises Inc Dba Broadway Pizza & Pasta	pizza-classic	high
Town Center Holdings, Inc.	null	high
Towne Grill	null	medium
Toñita’s bakery and more	bakery	high
Tp Products	null	high
Tqn Group Llc Dba Bitter End	bar	low
Tradicioncafellc	cafe	low
Trailer Birds	chicken	low
Trailer Birds TX-4962	chicken	low
Tran And Company Llc	null	high
Tranquility Brays Llc	null	high
Travis Walk	null	high
Traymore Nursing Home	null	high
Trb Bed & Ford, Llc	null	high
Tres Amigos Mexican Restaurant	mexican	high
Triad Restaurant/retail Services & Construction	null	high
Tricky Fish Inc	seafood-classic	medium
Trident Restaurant Group	null	high
Trieu & Trieu Group Llc	null	high
Trifork Enterprises Llc Dba Simply Fondue Fort Worth	new-american	low
Trimark Strategic	null	high
Triniti Ii Llc	null	high
Trinity Auto Graphics	null	high
Trinity BBQ	barbecue-classic	high
Trinity Commercial Servcies, Llc	null	high
Trinity Glass And Facility Maintenance	null	high
Trinity Grease Services, Llc	null	high
Trinity Hospitality Llc Dba Masala Twist	indian	high
Trinity West Ventures. Llc	null	high
Trinity X Ray	null	high
Trio Pizza & Pasta	pizza-classic	high
Triple G Restaurant Group. Llc	null	high
Trisha Restaurant Corporation	null	high
Trompo	tacos	medium
Trompo Bros. 	tacos	medium
Trompo East Dallas	tacos	medium
Trophy Ranch	null	medium
Tropical Smoothie Cafe	juice-smoothie	high
Tropical Sno- Granbury	dessert	medium
TruEats	null	medium
Truck Yard Nmtx Llc	null	medium
True Food Kitchen	new-american	medium
Trutech Service Solutions, Llc	null	high
Ts &amp G, Llc Dba Texas Sand &amp Gravel Db A Ts &amp	null	high
Tti Food Inc	null	high
Tto Wa-tto Wa Mat Zip Llc	null	high
Tucker	null	high
Tucker, Richard And Lee, Ltd	null	high
Tumbleweed Pizza Partners Lp	pizza-classic	high
Tuna's Snowball Snow-cone	dessert	medium
Tuscany Bistro Italian Cuisine	italian-classic	high
Tuscany’s Italian Restaurant	italian-classic	high
Tutto Restaurant Llc	italian-classic	low
Tuxedo Connect Llc	null	high
Tvt Enterprises, Llc. Dba Nothing Bundt Cakes	bakery	high
Tweaker Energy Drink	null	medium
Twice the Ice - Everman	null	medium
Twice the Ice Richland Hills	null	medium
Twigs American Kitchen - Grandscape	new-american	medium
Twigs Fort Worth	null	low
Twin Peaks	sports-bar	medium
Twin Restaurant Holdings, Llc.	null	low
Twin Restaurant Lv-i Llc	null	low
Twisted BBQ Q	barbecue-classic	high
Twisted Mac	comfort-food	medium
Two Hands	null	low
Two Senoritas	mexican	medium
Two Turtle Creek Village	null	high
Two Yj Llc Dba Beauty N Us	null	high
Two brothers	null	high
Tworow's Classic Grille	null	low
Tworows Restaurant & Brewery Of Houston, Ltd.	brewpub	medium
Tx Metro Restaurant Llc	null	high
Tx Southern Sweets	dessert	medium
TxWes Food Pantry	null	high
Tyler Vapor Llc	null	high
Tyve, Lp	null	high
Ultimate Cuisine By Chef Tom	null	medium
UltimateYou Munchies	null	medium
Unbeleafable Management Llc	null	medium
UnbelievaBOWL! Asian Grill	pan-asian	high
Uncle Cecil's Pizza #1 Llc	pizza-classic	high
Uncle Ej's BBQ	barbecue-classic	high
Uncle G'z Flavors	null	medium
Uncle Julio's Corporation	mexican	medium
Uncle Ray’s Drive In	diner	low
Uncle Vinnie's	italian-classic	low
Uncork'd Wine Bar & Grill Llc	wine-bar	high
Undecided Cafe	cafe	medium
Unicorn Cafe	cafe	medium
Unifocus	null	high
Unikor Trading Llc	null	high
Union 45	null	medium
Unique Air Conditioning &amp Heating	null	high
United Cellular, Inc	null	high
Unitybond Inc	null	high
Universal Associates Llc	null	high
Unleavened Fresh Kitchen	deli-sandwiches	low
Unleavened University Park Llc	null	low
Unt Avesta	null	medium
Up Inspired Kitchen	null	low
Upper Deck Bar And Grill	sports-bar	low
Upper House	null	medium
Upper Level Events - Seven Points, Texas	null	high
Uptown Eats	null	medium
Uptown Pizza Llc	pizza-classic	high
Urban Eatz	null	medium
Urban Tadka	indian	high
Urdy's Catering And Food Services	null	high
Us Claims Solutions Llc	null	high
Usaa Plano It	null	high
Usazmm Inc	null	high
Uscai,llc	null	high
Ut Restaurant Holdings Inc	null	high
Utopia Complete Llc	null	high
Uvia's Bistro	null	medium
V &amp V Partnership Llc	null	high
V's House	null	high
VFW	null	high
VIP Arena Sports Bar	sports-bar	high
Validgrad	null	high
Valley Ranch Portos Llc	null	low
Valli's International Kitchen	null	medium
Value Groceries Inc	null	high
Vana And Sons, Llc	null	high
Vandelay Hospitality Group	null	high
Vannchhun & Kim Inc	null	high
Vargas Inc	null	high
VarosTacos	tacos	high
Vasari Llc	null	high
Vasari, Llc Dba	null	high
Vecente	null	high
Velour restaurant	null	medium
Venduni- Corporate Office	null	high
Vera Cruz	mexican	medium
Veranda	null	high
Veronas Restaurant	italian-classic	low
Veronica's Tamales and More	mexican	high
Versacold	null	high
Verse Kitchen & Bar	null	medium
Vessel Media Group	null	high
Vibe Restaurants	null	high
Victor's Auto And Tire Service	null	high
Victory Real Estate Development, Llc	null	high
Victory Social Eatery	null	medium
Vida Bowls	bowls	high
Viet Thai Llc	vietnamese	medium
Villa Fresh Italian Kitchen	italian-classic	high
Villa Kempinski	null	low
Village Baking Company	bakery	high
Village Burger Bar, Llc	burgers	high
Village Restaurants Llc	null	high
Vincent Marcozzi	null	high
Vinegar And Oil Concepts	null	medium
Vino	wine-bar	medium
Vip Contracting Llc	null	high
Vip Sports Bar & Grill, Inc	sports-bar	high
Viper Management Services 2 Llc	null	high
Viridian Biergarten	german	high
Virtue Property Management Inc	null	high
Viseon Inc	null	high
Vital Alchemy	null	high
Viva 53 Pizzeria	pizza-classic	high
Vix Chemical	null	high
Vn Food An Vat	vietnamese	high
Vnc Inc Dba Best Value In	null	high
Vns Sweets Llc	dessert	medium
Vo Lu, Inc	null	high
Volli North Richland Hills	null	high
Vrp Hospitality Group Lp Dba Quality Inn	null	high
Vse Media	null	high
W P Operations Inc Dba Scrubs Etc	null	high
W Sports Grill Llc	sports-bar	medium
W Wheels Snowcone	dessert	medium
W&afoodinc	null	high
WNB Factory	wings	medium
WORK. Bar & Grill	bar	medium
Waffle O’licious	breakfast	medium
Waiter.Com	null	high
Walk-on's Sports Bistreaux - Arlington Restaurant	sports-bar	high
Walker Management Group Llc	null	high
Walloon's Restaurant	null	medium
Walnut Glen Cafe	cafe	medium
Warehouser Of Denton	null	high
Wasabi International, Inc	japanese	medium
Wasabi Sushi & Steak House	sushi	high
Watanabe Inc	null	medium
Watauga Kabab N Kurry	indian	medium
Wava Halal Grill	halal	high
Waxahachie Ice Cream Llc	ice-cream	high
Wayback Burgers	burgers	high
Wb Frisco Llc	null	high
Wb&g 6 Inc	null	high
Wdj Happy Family Inc	null	medium
Weatherford City Limits	null	medium
Webco Products Inc	null	high
Wei Xing Corporation Dba Healthy Feet Or Healthy Massage	null	high
Wen Den	null	medium
Wepancakes	breakfast	medium
Wesley Holding Llc Dba Eti	null	high
West African Cuisine	west-african	high
West African Way	west-african	high
West Dfw Rei Group, Llc.	null	high
West End Grill	null	medium
West Fork Grill	null	medium
Western Addition	null	medium
Western Addition, Inc.	null	medium
Westmoreland Capital Corporation	null	high
Weston Ryder Llc	null	high
Westside Wings 214	wings	high
Wet Willies	bar	medium
Wharf at Bayview Marina	seafood-classic	medium
Whataburger CORP OFFICE	burgers	high
Whisk Crepes Cafe	french	medium
Whiskey Cake Llc	new-american	medium
Whisky Woman Cooks	null	medium
White Blossom Enterprise Inc	null	high
White Rock Yacht Club	null	medium
Whitfield's Bar-B-Q and Catfish	barbecue-classic	high
Wholesale Accessories	null	high
Wholesale Copiers	null	high
Wholesome Grub	null	medium
Wholesome To Go	null	medium
Wi-Fry	fast-food	low
Wick Phillips	null	high
Wild About Harry's	ice-cream	low
William J Fieldsmith Md Pa	null	high
William J Fieldsmith, Md, Pa	null	high
Williams & Schettler Inc	null	high
Williams Chicken	chicken	high
Williams Fried Chicken, Inc.	chicken	high
Williamson Insurance Group, Llc	null	high
Willie D’s	null	medium
Windsor Restaurant Ventures, L.p	null	medium
Wing City Mesquite	wings	high
Wing Stop-Cedarhill	wings	high
Wing Stop-West Plano	wings	high
Wing Zone	wings	high
Wing2Go	wings	high
Wings By The Pound	wings	high
Wings Etc	wings	high
Wings N More	wings	high
Wings N Things	wings	high
Wings Of Glory	wings	high
Wings Pizza N Things	wings	medium
Wings Street	wings	high
Wiri Fire Hot Sauce	null	low
Wk Thai Corporation	thai	high
Wl Marsaw And Associates Llc	null	high
Wohemiya Ethiopian Restaurant	ethiopian	high
Wok & Roll	chinese	medium
Wok Restaurant	chinese	medium
Wok n Roll Express	chinese	medium
Wolf Agency	null	high
Wolf Den Family Restaurant	null	medium
Wolf Restaurant Group	null	high
Wonder Woman Kitchen Creations	null	medium
Wong Hui Inc Dba East Ocean Restaurant	chinese	medium
Wood & Grain Bistro	null	low
Wood's Food Masters, Inc. Dba Joe's	null	medium
Woodlands Grill at Watters Creek	null	medium
Woods Inlet Corp	null	high
Wooju Inc	null	low
Workman Holding Corp	null	high
Wow Donuts & Bakery Inc	donuts	high
Wright Creations INC	null	high
Written by the Seasons, The Quad	null	low
Wtv Investments Inc	null	high
Wylie Ice Cream Llc	ice-cream	high
Xalka Healthcare Solutions, Llc	null	high
Xavier's Taqueria	mexican	high
Xiao's Llc	null	low
Xile-lin Llc	null	high
Xing Chinese Kitchen Inc	chinese	high
Xoxo Social	null	low
Xpress Cellular Repair, Llc	null	high
Xpress Shisha Cafe and Grocery	middle-eastern	medium
Y &amp A Holdings, Llc	null	high
Yadahly Llc Dba Thai Lotus	thai	high
Yaksa Restaurant and Bar	null	low
Yamato Dining Inc	japanese	medium
Yangs Smokehouse	smokehouse	medium
Yangtze International	chinese	medium
Yara Masri Managment Company	null	medium
Yawbus, Inc	null	high
Yaya Restaurant Inc	null	low
Ybl Investments Ii Llc	null	high
Yee & Associates Pc	null	high
Yein Enterprises, Inc	null	high
Yemandi Yemeni Cuisine	middle-eastern	high
Yemas Cafe	cafe	low
Yemsade Restaurant	null	low
Yen Vo Investments, Inc	null	high
Yesterdays Sandwich Shop	deli-sandwiches	high
Yh Group Inc	null	high
Yin Tang Spicy Hot Pot	chinese	high
Ying Chinese Cafe	chinese	high
Yisiki Llc	null	high
Yk Business Services Inc	null	high
Yogurt In Motion	dessert	medium
Yojac Restaurant Group Llc	null	high
Yong Feng Ge Llc Dba Dumpling House	chinese	high
Yong Li Inc	null	medium
Yoon & H Corp	null	medium
Your Denton Sonic	fast-food	medium
Yoyo Berri	dessert	low
Yuan Food	null	low
Yumilicious.beaconsq	dessert	low
Yummy Box	null	low
Yummy Sichuan	chinese	high
Yummy Yummy Tortilla Factory	mexican	high
Yy Global Inc	null	high
Z&Z Smokehouse	smokehouse	high
Z's Cafe & Catering	cafe	low
Z's Wok in Watauga	chinese	high
ZZIZIM Plano	korean	medium
Zacados in Carrollton texas	mexican	low
Zacatecana Birreria y Taqueria 	tacos	high
Zag Afro-fusion Cuisine	west-african	medium
Zahr Food Inc	null	medium
Zalat Pizza	pizza-classic	high
Zam Zam Irving Chatpate by Khaye La	pakistani	low
Zambos Latin & African Food	latin-american	medium
Zan Inc	null	high
Zapata's Mexican Grill & Cantina 	mexican	high
Zarebs Inc	null	high
Zatar	middle-eastern	medium
Zato Thai Cuisine and Sushi Bar	thai	high
Zc, Llc	null	high
Zea Woodfire Grill	new-american	low
Zemen Bar & Restaurant	ethiopian	medium
Zeno's Famous Meatball Kitchen	italian-classic	medium
Zhang Family Corporation	null	medium
Zio Al's Signature	italian-classic	medium
Ziziki's	greek	medium
Zm Investments	null	high
Zodiac North Park Center	null	medium
Zodiac Room	null	medium
Zoe's Kitchen Usa, Llc.	mediterranean	medium
ZoeDio Kitchen	null	medium
Zon Zon	null	low
Zook Hospitality Corp.	null	high
Zoya Restaurants, Llc	null	medium
Ztejas	tex-mex	medium
Zu F&b Llc	null	high
Zuper Elote	mexican	high
Zuzu Handmade Mexican Food Restaurants	mexican	high
Zuzu’s Handmade Mexican Food	mexican	high
Zzu &amp Corporation	null	high
blessing's restaurant	null	low
charlie's big burger	burgers	high
cheesesteak magy's	deli-sandwiches	high
familymealeatery	null	medium
il Bracco	italian-classic	medium
karada DFW Restaurant	japanese	low
la oruga la gran plaza	null	low
paqueteria el junior	null	medium
parigi	null	low
rocketbelly	null	medium
super taqueria	tacos	high
team building with taste	null	low
ความสุขของชีวิต	thai	medium
大食代 Food Republic	food-hall	high
깐부활어	korean	medium
차장금 레스토랑 Mrs. Tchah's restaurant	korean	low
